cik,name,filing_type,filing_date,filing_year,fraudulent,anomaly_score,mda_preview
731653,UNITED BANCORP INC /OH/,10-K,2019-03-20,2019,0,0.07362424516044885,item 7 management s discussion and analysis of financial condition and results of operations table_end refer to pages 10 22 management s discussion and analysis of the 2018 annual report to shareholders filed herewith as exhibit 13 which section is incorporated herein by reference table_start table_end critical accounting policy the consolidated financial statements are prepared in accordance with accounting principles generally accepted in the united states of america and follow general practices within the financial services industry the application of these principles requires management to make certain estimates assumptions and judgements that affect the amounts reported in the financial statements and footnotes these estimates assumptions and judgements are based on information available as of the date of the financial statements and as this information changes the financial statements could reflect different estimates assumptions and judgements the procedures for assessing the ad
893847,"HAWTHORN BANCSHARES, INC.",10-K,2021-03-12,2021,0,0.07084692792396385,item 7 management s discussion and analysis of financial condition and results of operation pursuant to general instruction g 2 to form 10 k the information required by this item is incorporated herein by reference to the information under the caption management s discussion and analysis of financial condition and results of operations in the company s 2020 annual report to shareholders forward looking statements this report including information included or incorporated by reference in this report contains certain forward looking statements with respect to the financial condition results of operations plans objectives strategy future performance and business of the company and its subsidiaries including without limitation table_start statements that are not historical in nature and table_end table_start statements preceded by followed by or that include the words believes expects may will should could anticipates estimates intends or similar expressions table_end forward looking state
893847,"HAWTHORN BANCSHARES, INC.",10-K,2020-03-16,2020,0,0.07047391344551468,item 7 management s discussion and analysis of financial condition and results of operation pursuant to general instruction g 2 to form 10 k the information required by this item is incorporated herein by reference to the information under the caption management s discussion and analysis of financial condition and results of operations in the company s 2019 annual report to shareholders forward looking statements this report including information included or incorporated by reference in this report contains certain forward looking statements with respect to the financial condition results of operations plans objectives strategy future performance and business of the company and its subsidiaries including without limitation table_start statements that are not historical in nature and table_end table_start statements preceded by followed by or that include the words believes expects may will should could anticipates estimates intends or similar expressions table_end forward looking state
893847,"HAWTHORN BANCSHARES, INC.",10-K,2019-03-14,2019,0,0.06946226373432474,item 7 management s discussion and analysis of financial condition and results of operation pursuant to general instruction g 2 to form 10 k the information required by this item is incorporated herein by reference to the information under the caption management s discussion and analysis of financial condition and results of operations in the company s 2018 annual report to shareholders forward looking statements this report including information included or incorporated by reference in this report contains certain forward looking statements with respect to the financial condition results of operations plans objectives strategy future performance and business of the company and its subsidiaries including without limitation table_start statements that are not historical in nature and table_end table_start statements preceded by followed by or that include the words believes expects may will should could anticipates estimates intends or similar expressions table_end forward looking state
893847,"HAWTHORN BANCSHARES, INC.",10-K,2018-03-16,2018,0,0.0682068650322738,item 7 management s discussion and analysis of financial condition and results of operation pursuant to general instruction g 2 to form 10 k the information required by this item is incorporated herein by reference to the information under the caption management s discussion and analysis of financial condition and results of operations in the company s 2017 annual report to shareholders forward looking statements this report including information included or incorporated by reference in this report contains certain forward looking statements with respect to the financial condition results of operations plans objectives strategy future performance and business of the company and its subsidiaries including without limitation table_start statements that are not historical in nature and table_end table_start statements preceded by followed by or that include the words believes expects may will should could anticipates estimates intends or similar expressions table_end forward looking state
1674440,LAZEX INC.,10-K,2018-08-14,2018,0,0.06781567674236999,item 7 management s discussion and analysis of financial condition and result of operations the following discussion should be read in conjunction with our financial statements including the notes thereto appearing elsewhere in this annual report the following discussion contains forward looking statements that reflect our plans estimates and beliefs our actual results could differ materially from those discussed in the forward looking statements factors that could cause or contribute to such differences include but are not limited to those discussed below and elsewhere in this annual report our audited financial statements are stated in united states dollars and are prepared in accordance with united states generally accepted accounting principles 5 page results of operations our financial statements have been prepared assuming that we will continue as a going concern and accordingly do not include adjustments relating to the recoverability and realization of assets and classification
731653,UNITED BANCORP INC /OH/,10-K,2023-03-17,2023,0,0.06595840967555544,item 7 management s discussion and analysis of financial condition and results of operations refer to pages 10 22 management s discussion and analysis of the 2022 annual report to shareholders filed herewith as exhibit 13 which section is incorporated herein by reference for a comparison of results of operations between 2021 and 2020 see management s discussion and analysis in the 2021 annual report to shareholders filed as exhibit 13 to the company s annual report on 10 k for 2021 critical accounting policy the consolidated financial statements are prepared in accordance with accounting principles generally accepted in the united states of america and follow general practices within the financial services industry the application of these principles requires management to make certain estimates assumptions and judgements that affect the amounts reported in the financial statements and footnotes these estimates assumptions and judgements are based on information available as of the dat
731653,UNITED BANCORP INC /OH/,10-K,2018-03-20,2018,0,0.0655137849600157,item 7 management s discussion and analysis of financial condition and results of operations table_end refer to pages 10 22 management s discussion and analysis of the 2017 annual report to shareholders filed herewith as exhibit 13 which section is incorporated herein by reference critical accounting policy the consolidated financial statements are prepared in accordance with accounting principles generally accepted in the united states of america and follow general practices within the financial services industry the application of these principles requires management to make certain estimates assumptions and judgements that affect the amounts reported in the financial statements and footnotes these estimates assumptions and judgements are based on information available as of the date of the financial statements and as this information changes the financial statements could reflect different estimates assumptions and judgements the procedures for assessing the adequacy of the allowanc
1676852,"Glolex, Inc.",10-K,2019-05-14,2019,0,0.06535814318540789,item 7 management s discussion and analysis of financial condition and results of operations the following discussion should be read in conjunction with our financial statements including the notes thereto appearing elsewhere in this annual report the following discussion contains forward looking statements that reflect our plans estimates and beliefs our actual results could differ materially from those discussed in the forward looking statements our audited financial statements are stated in united states dollars and are prepared in accordance with united states generally accepted accounting principles results of operations we have incurred recurring losses to date our financial statements have been prepared assuming that we will continue as a going concern and accordingly do not include adjustments relating to the recoverability and realization of assets and classification of liabilities that might be necessary should we be unable to continue in operation we expect we will require a
731653,UNITED BANCORP INC /OH/,10-K,2020-03-20,2020,0,0.06511694328132245,item 7 management s discussion and analysis of financial condition and results of operations table_end refer to pages 10 22 management s discussion and analysis of the 2019 annual report to shareholders filed herewith as exhibit 13 which section is incorporated herein by reference critical accounting policy the consolidated financial statements are prepared in accordance with accounting principles generally accepted in the united states of america and follow general practices within the financial services industry the application of these principles requires management to make certain estimates assumptions and judgements that affect the amounts reported in the financial statements and footnotes these estimates assumptions and judgements are based on information available as of the date of the financial statements and as this information changes the financial statements could reflect different estimates assumptions and judgements the procedures for assessing the adequacy of the allowanc
731653,UNITED BANCORP INC /OH/,10-K,2022-03-18,2022,0,0.06509570328030834,item 7 management s discussion and analysis of financial condition and results of operations refer to pages 10 22 management s discussion and analysis of the 2021 annual report to shareholders filed herewith as exhibit 13 which section is incorporated herein by reference critical accounting policy the consolidated financial statements are prepared in accordance with accounting principles generally accepted in the united states of america and follow general practices within the financial services industry the application of these principles requires management to make certain estimates assumptions and judgements that affect the amounts reported in the financial statements and footnotes these estimates assumptions and judgements are based on information available as of the date of the financial statements and as this information changes the financial statements could reflect different estimates assumptions and judgements the procedures for assessing the adequacy of the allowance for loan
1703073,VIVIC CORP.,10-K,2018-06-21,2018,0,0.06340989612103365,item 7 management s discussion and analysis of financial condition and result of operations the following discussion should be read in conjunction with our financial statements including the notes thereto appearing elsewhere in this annual report the following discussion contains forward looking statements that reflect our plans estimates and beliefs our actual results could differ materially from those discussed in the forward looking statements factors that could cause or contribute to such differences include but are not limited to those discussed below and elsewhere in this annual report our audited financial statements are stated in united states dollars and are prepared in accordance with united states generally accepted accounting principles results of operations we expect we will require additional capital to meet our long term operating requirements we expect to raise additional capital through among other things the sale of equity or debt securities our net loss for the fisca
893847,"HAWTHORN BANCSHARES, INC.",10-K,2022-03-17,2022,0,0.06319875887320403,item 7 management s discussion and analysis of financial condition and results of operation pursuant to general instruction g 2 to form 10 k the information required by this item is incorporated herein by reference to the information under the caption management s discussion and analysis of financial condition and results of operations in the company s 2021 annual report to shareholders forward looking statements this report including information included or incorporated by reference in this report contains certain forward looking statements with respect to the financial condition results of operations plans objectives strategy future performance and business of the company and its subsidiaries including without limitation statements that are not historical in nature and statements preceded by followed by or that include the words believes expects may will should could anticipates estimates intends or similar expressions forward looking statements are not guarantees of future performan
731653,UNITED BANCORP INC /OH/,10-K,2021-03-19,2021,0,0.0630780038995784,item 7 management s discussion and analysis of financial condition and results of operations table_end refer to pages 10 22 management s discussion and analysis of the 2020 annual report to shareholders filed herewith as exhibit 13 which section is incorporated herein by reference critical accounting policy the consolidated financial statements are prepared in accordance with accounting principles generally accepted in the united states of america and follow general practices within the financial services industry the application of these principles requires management to make certain estimates assumptions and judgements that affect the amounts reported in the financial statements and footnotes these estimates assumptions and judgements are based on information available as of the date of the financial statements and as this information changes the financial statements could reflect different estimates assumptions and judgements the procedures for assessing the adequacy of the allowanc
1703073,VIVIC CORP.,10-K,2019-08-12,2019,0,0.06214403236041355,item 7 management s discussion and analysis of financial condition and result of operations the following discussion should be read in conjunction with our financial statements including the notes thereto appearing elsewhere in this annual report the following discussion contains forward looking statements that reflect our plans estimates and beliefs our actual results could differ materially from those discussed in the forward looking statements factors that could cause or contribute to such differences include but are not limited to those discussed below and elsewhere in this annual report our audited financial statements are stated in united states dollars and are prepared in accordance with united states generally accepted accounting principles results of operations we expect we will require additional capital to meet our long term operating requirements we expect to raise additional capital through among other things the sale of equity or debt securities our net income for the fis
893847,"HAWTHORN BANCSHARES, INC.",10-K,2023-03-29,2023,0,0.06154194770228283,item 7 management s discussion and analysis of financial condition and results of operation pursuant to general instruction g 2 to form 10 k the information required by this item is incorporated herein by reference to the information under the caption management s discussion and analysis of financial condition and results of operations in the company s 2022 annual report to shareholders forward looking statements this report including information included or incorporated by reference in this report contains certain forward looking statements with respect to the financial condition results of operations plans objectives strategy future performance and business of the company and its subsidiaries including without limitation statements that are not historical in nature and statements preceded by followed by or that include the words believes expects may will should could anticipates estimates intends or similar expressions forward looking statements are not guarantees of future performan
1676852,"Glolex, Inc.",10-K,2018-06-25,2018,0,0.06004991184426012,item 7 management s discussion and analysis of financial condition and results of operations the following discussion should be read in conjunction with our financial statements including the notes thereto appearing elsewhere in this annual report the following discussion contains forward looking statements that reflect our plans estimates and beliefs our actual results could differ materially from those discussed in the forward looking statements our audited financial statements are stated in united states dollars and are prepared in accordance with united states generally accepted accounting principles results of operations we have incurred recurring losses to date our financial statements have been prepared assuming that we will continue as a going concern and accordingly do not include adjustments relating to the recoverability and realization of assets and classification of liabilities that might be necessary should we be unable to continue in operation we expect we will require a
1570937,ALTAIR INTERNATIONAL CORP.,10-K,2020-06-04,2020,0,0.05855929488386913,item 7 management s discussion and analysis of financial condition and results of operations the following discussion should be read in conjunction with our financial statements including the notes thereto appearing elsewhere in this annual report the following discussion contains forward looking statements that reflect our plans estimates and beliefs our actual results could differ materially from those discussed in the forward looking statements our audited financial statements are stated in united states dollars and are prepared in accordance with united states generally accepted accounting principles table_start 6 table_end results of operations we have incurred recurring losses to date our financial statements have been prepared assuming that we will continue as a going concern and accordingly do not include adjustments relating to the recoverability and realization of assets and classification of liabilities that might be necessary should we be unable to continue in operation we 
1696411,Crona Corp.,10-K,2020-11-03,2020,0,0.05681998082543649,item 7 management s discussion and analysis of financial condition and results of operations the following discussion should be read in conjunction with our financial statements including the notes thereto appearing elsewhere in this annual report the following discussion contains forward looking statements that reflect our plans estimates and beliefs our actual results could differ materially from those discussed in the forward looking statements our audited financial statements are stated in united states dollars and are prepared in accordance with united states generally accepted accounting principles results of operations we have incurred recurring losses to date our financial statements have been prepared assuming that we will continue as a going concern and accordingly do not include adjustments relating to the recoverability and realization of assets and classification of liabilities that might be necessary should we be unable to continue in operation we expect we will require a
1673504,Galem Group Inc.,10-K,2019-08-23,2019,0,0.05671131657368389,item 7 management s discussion and analysis of financial condition and result of operations the following discussion should be read in conjunction with our financial statements including the notes thereto appearing elsewhere in this annual report the following discussion contains forward looking statements that reflect our plans estimates and beliefs our actual results could differ materially from those discussed in the forward looking statements factors that could cause or contribute to such differences include but are not limited to those discussed below and elsewhere in this annual report our audited financial statements are stated in united states dollars and are prepared in accordance with united states generally accepted accounting principles results of operations we expect we will require additional capital to meet our long term operating requirements we expect to raise additional capital through among other things the sale of equity or debt securities our net loss for the fisca
1328598,CURRENCYSHARES EURO TRUST,10-K,2018-01-11,2018,0,0.0565537792853783,item 7 management s discussion and analysis of financial condition and results of operations table_end cautionary statement regarding forward looking information this report contains forward looking statements within the meaning of the private securities litigation reform act of 1995 forward looking statements can be identified by words such as anticipate expect intend plan believe seek outlook and estimate and other similar words forward looking statements are based upon our current expectations and beliefs concerning future developments and their potential effects on us such forward looking statements are not guarantees of future performance various factors may cause our actual results to differ materially from those expressed in our forward looking statements these factors include fluctuations in the price of the euro as the value of the shares relates directly to the value of the euro held by the trust and price fluctuations could materially adversely affect an investment in the sh
1467845,"Kashin, Inc.",10-K,2021-12-06,2021,0,0.05421043178545093,item 7 management s discussion and analysis of financial condition and results of operations the following discussion and analysis of our financial condition and results of operations should be read in conjunction with our financial statements and related notes included elsewhere in this report this annual report contains forward looking statements relating to our company s future economic performance plans and objectives of management for future operations projections of revenue mix and other financial items that are based on the beliefs of as well as assumptions made by and information currently known to our management the words expects intends believes anticipates may could should and similar expressions and variations thereof are intended to identify forward looking statements the cautionary statements set forth in this section are intended to emphasize that actual results may differ materially from those contained in any forward looking statement our auditor s report on our april 
1673504,Galem Group Inc.,10-K,2018-09-24,2018,0,0.05370565427536056,item 7 management s discussion and analysis of financial condition and result of operations the following discussion should be read in conjunction with our financial statements including the notes thereto appearing elsewhere in this annual report the following discussion contains forward looking statements that reflect our plans estimates and beliefs our actual results could differ materially from those discussed in the forward looking statements factors that could cause or contribute to such differences include but are not limited to those discussed below and elsewhere in this annual report our audited financial statements are stated in united states dollars and are prepared in accordance with united states generally accepted accounting principles results of operations we expect we will require additional capital to meet our long term operating requirements we expect to raise additional capital through among other things the sale of equity or debt securities our net loss for the fisca
1467845,"Kashin, Inc.",10-K,2022-12-15,2022,0,0.052957876653637825,item 7 management s discussion and analysis of financial condition and results of operations the following discussion and analysis of our financial condition and results of operations should be read in conjunction with our financial statements and related notes included elsewhere in this report this annual report contains forward looking statements relating to our company s future economic performance plans and objectives of management for future operations projections of revenue mix and other financial items that are based on the beliefs of as well as assumptions made by and information currently known to our management the words expects intends believes anticipates may could should and similar expressions and variations thereof are intended to identify forward looking statements the cautionary statements set forth in this section are intended to emphasize that actual results may differ materially from those contained in any forward looking statement our auditor s report on our april 
1700844,UNEX HOLDINGS INC.,10-K,2019-10-25,2019,0,0.05226427213357654,item 7 management s discussion and analysis of financial condition and results of operations the following discussion should be read in conjunction with our financial statements including the notes thereto appearing elsewhere in this annual report the following discussion contains forward looking statements that reflect our plans estimates and beliefs our actual results could differ materially from those discussed in the forward looking statements factors that could cause or contribute to such differences include but are not limited to those discussed below and elsewhere in this annual report our audited financial statements are stated in united states dollars and are prepared in accordance with united states generally accepted accounting principles results of operations year ended august 31 2019 compared to year ended august 31 2018 operating expenses during year ended august 31 2019 we incurred 15 703 general and administrative expenses compared to 855 during year ended august 31 201
1467845,"Kashin, Inc.",10-K,2023-08-28,2023,0,0.05132300540565082,item 7 management s discussion and analysis of financial condition and results of operations the following discussion and analysis of our financial condition and results of operations should be read in conjunction with our financial statements and related notes included elsewhere in this report this annual report contains forward looking statements relating to our company s future economic performance plans and objectives of management for future operations projections of revenue mix and other financial items that are based on the beliefs of as well as assumptions made by and information currently known to our management the words expects intends believes anticipates may could should and similar expressions and variations thereof are intended to identify forward looking statements the cautionary statements set forth in this section are intended to emphasize that actual results may differ materially from those contained in any forward looking statement our auditor s report on our april 
1353613,CURRENCYSHARES JAPANESE YEN TRUST,10-K,2018-01-11,2018,0,0.05080021368045495,item 7 management s discussion and analysis of financial condition and results of operations table_end cautionary statement regarding forward looking information this report contains forward looking statements within the meaning of the private securities litigation reform act of 1995 forward looking statements can be identified by words such as anticipate expect intend plan believe seek outlook and estimate and other similar words forward looking statements are based upon our current expectations and beliefs concerning future developments and their potential effects on us such forward looking statements are not guarantees of future performance various factors may cause our actual results to differ materially from those expressed in our forward looking statements these factors include fluctuations in the price of the japanese yen as the value of the shares relates directly to the value of the japanese yen held by the trust and price fluctuations could materially adversely affect an inve
1353611,Invesco CurrencyShares British Pound Sterling Trust,10-K,2019-01-11,2019,0,0.04967017617497349,i tem 7 management s discussion and analysis of financial condition and results of operations cautionary statement regarding forward looking information this report contains forward looking statements within the meaning of the private securities litigation reform act of 1995 forward looking statements can be identified by words such as anticipate expect intend plan believe seek outlook and estimate and other similar words forward looking statements are based upon our current expectations and beliefs concerning future developments and their potential effects on us such forward looking statements are not guarantees of future performance various factors may cause our actual results to differ materially from those expressed in our forward looking statements these factors include fluctuations in the price of the british pound sterling as the value of the shares relates directly to the value of the british pounds sterling held by the trust and price fluctuations could materially adversely af
1696411,Crona Corp.,10-K,2021-04-01,2021,0,0.04952553938984394,item 7 management s discussion and analysis of financial condition and results of operations the following discussion should be read in conjunction with our financial statements including the notes thereto appearing elsewhere in this annual report the following discussion contains forward looking statements that reflect our plans estimates and beliefs our actual results could differ materially from those discussed in the forward looking statements our audited financial statements are stated in united states dollars and are prepared in accordance with united states generally accepted accounting principles results of operations we have incurred recurring losses to date our financial statements have been prepared assuming that we will continue as a going concern and accordingly do not include adjustments relating to the recoverability and realization of assets and classification of liabilities that might be necessary should we be unable to continue in operation we expect we will require a
1353615,CURRENCYSHARES SWISS FRANC TRUST,10-K,2018-01-11,2018,0,0.049014785714057596,item 7 management s discussion and analysis of financial condition and results of operations table_end cautionary statement regarding forward looking information this report contains forward looking statements within the meaning of the private securities litigation reform act of 1995 forward looking statements can be identified by words such as anticipate expect intend plan believe seek outlook and estimate and other similar words forward looking statements are based upon our current expectations and beliefs concerning future developments and their potential effects on us such forward looking statements are not guarantees of future performance various factors may cause our actual results to differ materially from those expressed in our forward looking statements these factors include fluctuations in the price of the swiss franc as the value of the shares relates directly to the value of the swiss francs held by the trust and price fluctuations could materially adversely affect an inves
1353611,CURRENCYSHARES BRITISH POUND STERLING TRUST,10-K,2018-01-11,2018,0,0.04886719754627333,item 7 management s discussion and analysis of financial condition and results of operations cautionary statement regarding forward looking information this report contains forward looking statements within the meaning of the private securities litigation reform act of 1995 forward looking statements can be identified by words such as anticipate expect intend plan believe seek outlook and estimate and other similar words forward looking statements are based upon our current expectations and beliefs concerning future developments and their potential effects on us such forward looking statements are not guarantees of future performance various factors may cause our actual results to differ materially from those expressed in our forward looking statements these factors include fluctuations in the price of the british pound sterling as the value of the shares relates directly to the value of the british pounds sterling held by the trust and price fluctuations could materially adversely aff
1700844,UNEX HOLDINGS INC.,10-K,2020-09-16,2020,0,0.04862241510212251,item 7 management s discussion and analysis of financial condition and results of operations the following discussion should be read in conjunction with our financial statements including the notes thereto appearing elsewhere in this annual report the following discussion contains forward looking statements that reflect our plans estimates and beliefs our actual results could differ materially from those discussed in the forward looking statements factors that could cause or contribute to such differences include but are not limited to those discussed below and elsewhere in this annual report our audited financial statements are stated in united states dollars and are prepared in accordance with united states generally accepted accounting principles results of operations year ended august 31 2020 compared to year ended august 31 2019 operating expenses during year ended august 31 2020 we incurred 14 364 general and administrative expenses compared to 15 703 during year ended august 31 
1570937,ALTAIR INTERNATIONAL CORP.,10-K,2020-05-22,2020,0,0.0464283101060573,item 7 management s discussion and analysis of financial condition and results of operations the following discussion should be read in conjunction with our financial statements including the notes thereto appearing elsewhere in this annual report the following discussion contains forward looking statements that reflect our plans estimates and beliefs our actual results could differ materially from those discussed in the forward looking statements our audited financial statements are stated in united states dollars and are prepared in accordance with united states generally accepted accounting principles table_start 6 table_end results of operations we have incurred recurring losses to date our financial statements have been prepared assuming that we will continue as a going concern and accordingly do not include adjustments relating to the recoverability and realization of assets and classification of liabilities that might be necessary should we be unable to continue in operation we 
1353613,Invesco CurrencyShares Japanese Yen Trust,10-K,2019-01-11,2019,0,0.04370655763375397,item 7 management s discussion and analysis of financial condition and results of operations cautionary statement regarding forward looking information this report contains forward looking statements within the meaning of the private securities litigation reform act of 1995 forward looking statements can be identified by words such as anticipate expect intend plan believe seek outlook and estimate and other similar words forward looking statements are based upon our current expectations and beliefs concerning future developments and their potential effects on us such forward looking statements are not guarantees of future performance various factors may cause our actual results to differ materially from those expressed in our forward looking statements these factors include fluctuations in the price of the japanese yen as the value of the shares relates directly to the value of the japanese yen held by the trust and price fluctuations could materially adversely affect an investment in 
1854816,Minerva Gold Inc.,10-K,2022-05-31,2022,0,0.04237434390915662,item 7 management s discussion and analysis of financial condition and result of operations the following discussion should be read in conjunction with our financial statements including the notes thereto appearing elsewhere in this annual report the following discussion contains forward looking statements that reflect our plans estimates and beliefs our actual results could differ materially from those discussed in the forward looking statements factors that could cause or contribute to such differences include but are not limited to those discussed below and elsewhere in this annual report our audited financial statements are stated in united states dollars and are prepared in accordance with united states generally accepted accounting principles results of operation as of february 28 2022 we had deficit of 16 723 our financial statements have been prepared assuming that we will continue as a going concern we expect we will require additional capital to meet our long term operating r
1696411,Crona Corp.,10-K,2020-08-11,2020,0,0.041026286254176814,item 7 management s discussion and analysis of financial condition and results of operations the following discussion should be read in conjunction with our financial statements including the notes thereto appearing elsewhere in this annual report the following discussion contains forward looking statements that reflect our plans estimates and beliefs our actual results could differ materially from those discussed in the forward looking statements our audited financial statements are stated in united states dollars and are prepared in accordance with united states generally accepted accounting principles results of operations we have incurred recurring losses to date our financial statements have been prepared assuming that we will continue as a going concern and accordingly do not include adjustments relating to the recoverability and realization of assets and classification of liabilities that might be necessary should we be unable to continue in operation we expect we will require a
1310630,"Trafalgar Resources, Inc.",10-K,2019-01-09,2019,0,0.040843469987864034,item 7 management s discussion and analysis of financial condition and results of operations special note regarding forward looking statements this form 10 k contains certain forward looking statements within the meaning of the private securities litigation reform act of 1995 for this purpose any statements contained in this form 10 k that are not statements of historical fact may be deemed to be forward looking statements without limiting the foregoing words such as may will expect believe anticipate estimate or continue or comparable terminology are intended to identify forward looking statements these statements by their nature involve substantial risks and uncertainties and actual results may differ materially depending on a variety of factors many of which are not within our control these factors include by are not limited to economic conditions generally and in the industries in which we may participate competition within our chosen industry including competition from much larger
1854816,Minerva Gold Inc.,10-K,2023-05-08,2023,0,0.04044391357194976,item 7 management s discussion and analysis of financial condition and result of operations the following discussion should be read in conjunction with our financial statements including the notes thereto appearing elsewhere in this annual report the following discussion contains forward looking statements that reflect our plans estimates and beliefs our actual results could differ materially from those discussed in the forward looking statements factors that could cause or contribute to such differences include but are not limited to those discussed below and elsewhere in this annual report our audited financial statements are stated in united states dollars and are prepared in accordance with united states generally accepted accounting principles results of operation as of february 28 2023 we had deficit of 34 392 our financial statements have been prepared assuming that we will continue as a going concern we expect we will require additional capital to meet our long term operating r
1328598,Invesco CurrencyShares Euro Trust,10-K,2021-02-26,2021,0,0.04026600354194254,item 7 management s discussion and analysis of financial condition and results of operations introduction the following discussion and analysis was prepared to supplement information contained in the accompanying financial statements and is intended to explain certain items regarding the trust s financial condition as of december 31 2020 and its results of operations for the fiscal years ended december 31 2020 and december 31 2019 it should be read in conjunction with the selected financial data and the accompanying audited financial statements and related notes thereto contained in this report cautionary statement regarding forward looking information this report contains forward looking statements within the meaning of the private securities litigation reform act of 1995 forward looking statements can be identified by words such as anticipate expect intend plan believe seek outlook and estimate and other similar words forward looking statements are based upon our current expectations
1353615,Invesco CurrencyShares Swiss Franc Trust,10-K,2019-01-11,2019,0,0.03946995176901191,item 7 management s discussion and analysis of financial condition and results of operations cautionary statement regarding forward looking information this report contains forward looking statements within the meaning of the private securities litigation reform act of 1995 forward looking statements can be identified by words such as anticipate expect intend plan believe seek outlook and estimate and other similar words forward looking statements are based upon our current expectations and beliefs concerning future developments and their potential effects on us such forward looking statements are not guarantees of future performance various factors may cause our actual results to differ materially from those expressed in our forward looking statements these factors include fluctuations in the price of the swiss franc as the value of the shares relates directly to the value of the swiss francs held by the trust and price fluctuations could materially adversely affect an investment in t
1328598,Invesco CurrencyShares Euro Trust,10-K,2019-01-14,2019,0,0.039308122206703544,item 7 management s discussion and analysis of financial condition and results of operations cautionary statement regarding forward looking information this report contains forward looking statements within the meaning of the private securities litigation reform act of 1995 forward looking statements can be identified by words such as anticipate expect intend plan believe seek outlook and estimate and other similar words forward looking statements are based upon our current expectations and beliefs concerning future developments and their potential effects on us such forward looking statements are not guarantees of future performance various factors may cause our actual results to differ materially from those expressed in our forward looking statements these factors include fluctuations in the price of the euro as the value of the shares relates directly to the value of the euro held by the trust and price fluctuations could materially adversely affect an investment in the shares reade
1353613,Invesco CurrencyShares Japanese Yen Trust,10-K,2020-02-28,2020,0,0.038973847864387734,item 7 management s discussion and analysis of financial condition and results of operations introduction the following discussion and analysis was prepared to supplement information contained in the accompanying financial statements and is intended to explain certain items regarding the trust s financial condition as of december 31 2019 and its results of operations for the fiscal year ended december 31 2019 the two months ended december 31 2018 and the fiscal year ended october 31 2018 it should be read in conjunction with the selected financial data and the accompanying audited financial statements and related notes thereto contained in this report cautionary statement regarding forward looking information this report contains forward looking statements within the meaning of the private securities litigation reform act of 1995 forward looking statements can be identified by words such as anticipate expect intend plan believe seek outlook and estimate and other similar words forward 
1353612,CURRENCYSHARES CANADIAN DOLLAR TRUST,10-K,2018-01-11,2018,0,0.03680942359874528,item 7 management s discussion and analysis of financial condition and results of operations table_end cautionary statement regarding forward looking information this report contains forward looking statements within the meaning of the private securities litigation reform act of 1995 forward looking statements can be identified by words such as anticipate expect intend plan believe seek outlook and estimate and other similar words forward looking statements are based upon our current expectations and beliefs concerning future developments and their potential effects on us such forward looking statements are not guarantees of future performance various factors may cause our actual results to differ materially from those expressed in our forward looking statements these factors include fluctuations in the price of the canadian dollar as the value of the shares relates directly to the value of the canadian dollars held by the trust and price fluctuations could materially adversely affect 
1353614,CURRENCYSHARES AUSTRALIAN DOLLAR TRUST,10-K,2018-01-11,2018,0,0.03671251613681159,item 7 management s discussion and analysis of financial condition and results of operations cautionary statement regarding forward looking information this report contains forward looking statements within the meaning of the private securities litigation reform act of 1995 forward looking statements can be identified by words such as anticipate expect intend plan believe seek outlook and estimate and other similar words forward looking statements are based upon our current expectations and beliefs concerning future developments and their potential effects on us such forward looking statements are not guarantees of future performance various factors may cause our actual results to differ materially from those expressed in our forward looking statements these factors include fluctuations in the price of the australian dollar as the value of the shares relates directly to the value of the australian dollars held by the trust and price fluctuations could materially adversely affect an inv
1353611,Invesco CurrencyShares British Pound Sterling Trust,10-K,2021-02-26,2021,0,0.03656412579104762,item 7 management s discussion and analysis of financial condition and results of operations introduction the following discussion and analysis was prepared to supplement information contained in the accompanying financial statements and is intended to explain certain items regarding the trust s financial condition as of december 31 2020 and its results of operations for the fiscal years ended december 31 2020 and december 31 2019 it should be read in conjunction with the selected financial data and the accompanying audited financial statements and related notes thereto contained in this report cautionary statement regarding forward looking information this report contains forward looking statements within the meaning of the private securities litigation reform act of 1995 forward looking statements can be identified by words such as anticipate expect intend plan believe seek outlook and estimate and other similar words forward looking statements are based upon our current expectations
1570132,"ANVI GLOBAL HOLDINGS, INC.",10-K,2018-05-25,2018,0,0.035853103046149526,item 7 management s discussion and analysis of financial condition and results of operations the following discussion should be read in conjunction with our financial statements including the notes thereto appearing elsewhere in this annual report the following discussion contains forward looking statements that reflect our plans estimates and beliefs our actual results could differ materially from those discussed in the forward looking statements our audited financial statements are stated in united states dollars and are prepared in accordance with united states generally accepted accounting principles results of operations the company has incurred losses since inception resulting in an accumulated deficit of 698 237 as of february 28 2018 our financial statements have been prepared assuming that we will continue as a going concern and accordingly do not include adjustments relating to the recoverability and realization of assets and classification of liabilities that might be necess
1353614,Invesco CurrencyShares Australian Dollar Trust,10-K,2019-01-11,2019,0,0.03583107468934177,item 7 management s discussion and analysis of financial condition and results of operations cautionary statement regarding forward looking information this report contains forward looking statements within the meaning of the private securities litigation reform act of 1995 forward looking statements can be identified by words such as anticipate expect intend plan believe seek outlook and estimate and other similar words forward looking statements are based upon our current expectations and beliefs concerning future developments and their potential effects on us such forward looking statements are not guarantees of future performance various factors may cause our actual results to differ materially from those expressed in our forward looking statements these factors include fluctuations in the price of the australian dollar as the value of the shares relates directly to the value of the australian dollars held by the trust and price fluctuations could materially adversely affect an inv
1353612,Invesco CurrencyShares Canadian Dollar Trust,10-K,2021-02-26,2021,0,0.03489850825501806,item 7 management s discussion and analysis of financial condition and results of operations introduction the following discussion and analysis was prepared to supplement information contained in the accompanying financial statements and is intended to explain certain items regarding the trust s financial condition as of december 31 2020 and its results of operations for the fiscal years ended december 31 2020 and december 31 2019 it should be read in conjunction with the selected financial data and the accompanying audited financial statements and related notes thereto contained in this report cautionary statement regarding forward looking information this report contains forward looking statements within the meaning of the private securities litigation reform act of 1995 forward looking statements can be identified by words such as anticipate expect intend plan believe seek outlook and estimate and other similar words forward looking statements are based upon our current expectations
1062506,ATLANTICA INC,10-K,2020-03-30,2020,0,0.03372247498518144,item 7 management s discussion and analysis of financial condition and results of operations forward looking statements statements made in this annual report which are not purely historical are forward looking statements with respect to the goals plan objectives intentions expectations financial condition results of operations future performance and our business including without limitation i our ability to raise capital and ii statements preceded by followed by or that include the words may would could should expects projects anticipates believes estimates plans intends targets or similar expressions forward looking statements involve inherent risks and uncertainties and actual results may differ materially from those set forth in the forward looking statements depending upon a number of factors many of which are beyond our control these factors include but are not limited to the following general economic or industry conditions nationally and or in the communities in which we may con
1353613,Invesco CurrencyShares Japanese Yen Trust,10-K,2021-02-26,2021,0,0.03359193471120914,item 7 management s discussion and analysis of financial condition and results of operations introduction the following discussion and analysis was prepared to supplement information contained in the accompanying financial statements and is intended to explain certain items regarding the trust s financial condition as of december 31 2020 and its results of operations for the fiscal years ended december 31 2020 and december 31 2019 it should be read in conjunction with the selected financial data and the accompanying audited financial statements and related notes thereto contained in this report cautionary statement regarding forward looking information this report contains forward looking statements within the meaning of the private securities litigation reform act of 1995 forward looking statements can be identified by words such as anticipate expect intend plan believe seek outlook and estimate and other similar words forward looking statements are based upon our current expectations
1353614,Invesco CurrencyShares Australian Dollar Trust,10-K,2021-02-26,2021,0,0.033486146939552874,item 7 management s discussion and analysis of financial condition and results of operations introduction the following discussion and analysis was prepared to supplement information contained in the accompanying financial statements and is intended to explain certain items regarding the trust s financial condition as of december 31 2020 and its results of operations for the fiscal years ended december 31 2020 and december 31 2019 it should be read in conjunction with the selected financial data and the accompanying audited financial statements and related notes thereto contained in this report cautionary statement regarding forward looking information this report contains forward looking statements within the meaning of the private securities litigation reform act of 1995 forward looking statements can be identified by words such as anticipate expect intend plan believe seek outlook and estimate and other similar words forward looking statements are based upon our current expectations
1310630,China Foods Holdings Ltd.,10-K,2019-12-31,2019,0,0.03341566083351821,item 7 management s discussion and analysis of financial condition and results of operations table_end special note regarding forward looking statements this form 10 k contains certain forward looking statements within the meaning of the private securities litigation reform act of 1995 for this purpose any statements contained in this form 10 k that are not statements of historical fact may be deemed to be forward looking statements without limiting the foregoing words such as may will expect believe anticipate estimate or continue or comparable terminology are intended to identify forward looking statements these statements by their nature involve substantial risks and uncertainties and actual results may differ materially depending on a variety of factors many of which are not within our control these factors include by are not limited to economic conditions generally and in the industries in which we may participate competition within our chosen industry including competition from m
1062506,ATLANTICA INC,10-K,2019-04-01,2019,0,0.0331769467931734,item 7 management s discussion and analysis of financial condition and results of operation forward looking statements statements made in this annual report which are not purely historical are forward looking statements with respect to the goals plan objectives intentions expectations financial condition results of operations future performance and our business including without limitation i our ability to raise capital and ii statements preceded by followed by or that include the words may would could should expects projects anticipates believes estimates plans intends targets or similar expressions forward looking statements involve inherent risks and uncertainties and actual results may differ materially from those set forth in the forward looking statements depending upon a number of factors many of which are beyond our control these factors include but are not limited to the following general economic or industry conditions nationally and or in the communities in which we may cond
1570937,ALTAIR INTERNATIONAL CORP.,10-K,2018-08-17,2018,0,0.032766053511765425,item 7 management s discussion and analysis of financial condition and results of operations the following discussion should be read in conjunction with our financial statements including the notes thereto appearing elsewhere in this annual report the following discussion contains forward looking statements that reflect our plans estimates and beliefs our actual results could differ materially from those discussed in the forward looking statements our audited financial statements are stated in united states dollars and are prepared in accordance with united states generally accepted accounting principles table_start 6 page table_end results of operations we have incurred recurring losses to date our financial statements have been prepared assuming that we will continue as a going concern and accordingly do not include adjustments relating to the recoverability and realization of assets and classification of liabilities that might be necessary should we be unable to continue in operatio
1353612,Invesco CurrencyShares Canadian Dollar Trust,10-K,2020-02-28,2020,0,0.03235941952515753,item 7 management s discussion and analysis of financial condition and results of operations introduction the following discussion and analysis was prepared to supplement information contained in the accompanying financial statements and is intended to explain certain items regarding the trust s financial condition as of december 31 2019 and its results of operations for the fiscal year ended december 31 2019 the two months ended december 31 2018 and the fiscal year ended october 31 2018 it should be read in conjunction with the selected financial data and the accompanying audited financial statements and related notes thereto contained in this report cautionary statement regarding forward looking information this report contains forward looking statements within the meaning of the private securities litigation reform act of 1995 forward looking statements can be identified by words such as anticipate expect intend plan believe seek outlook and estimate and other similar words forward 
1353614,Invesco CurrencyShares Australian Dollar Trust,10-K,2020-02-28,2020,0,0.03220913726705854,item 7 management s discussion and analysis of financial condition and results of operations introduction the following discussion and analysis was prepared to supplement information contained in the accompanying financial statements and is intended to explain certain items regarding the trust s financial condition as of december 31 2019 and its results of operations for the fiscal year ended december 31 2019 the two months ended december 31 2018 and the fiscal year ended october 31 2018 it should be read in conjunction with the selected financial data and the accompanying audited financial statements and related notes thereto contained in this report cautionary statement regarding forward looking information this report contains forward looking statements within the meaning of the private securities litigation reform act of 1995 forward looking statements can be identified by words such as anticipate expect intend plan believe seek outlook and estimate and other similar words forward 
1353611,Invesco CurrencyShares British Pound Sterling Trust,10-K,2020-02-28,2020,0,0.032055999906960175,item 7 management s discussion and analysis of financial condition and results of operations introduction the following discussion and analysis was prepared to supplement information contained in the accompanying financial statements and is intended to explain certain items regarding the trust s financial condition as of december 31 2019 and its results of operations for the fiscal year ended december 31 2019 the two months ended december 31 2018 and the fiscal year ended october 31 2018 it should be read in conjunction with the selected financial data and the accompanying audited financial statements and related notes thereto contained in this report cautionary statement regarding forward looking information this report contains forward looking statements within the meaning of the private securities litigation reform act of 1995 forward looking statements can be identified by words such as anticipate expect intend plan believe seek outlook and estimate and other similar words forward 
1062506,ATLANTICA INC,10-K,2021-03-31,2021,0,0.03203930490550033,item 7 management s discussion and analysis of financial condition and results of operations forward looking statements statements made in this annual report which are not purely historical are forward looking statements with respect to the goals plan objectives intentions expectations financial condition results of operations future performance and our business including without limitation i our ability to raise capital and ii statements preceded by followed by or that include the words may would could should expects projects anticipates believes estimates plans intends targets or similar expressions forward looking statements involve inherent risks and uncertainties and actual results may differ materially from those set forth in the forward looking statements depending upon a number of factors many of which are beyond our control these factors include but are not limited to the following general economic or industry conditions nationally and or in the communities in which we may con
1353612,Invesco CurrencyShares Canadian Dollar Trust,10-K,2019-01-11,2019,0,0.03166566439759144,item 7 management s discussion and analysis of financial condition and results of operations cautionary statement regarding forward looking information this report contains forward looking statements within the meaning of the private securities litigation reform act of 1995 forward looking statements can be identified by words such as anticipate expect intend plan believe seek outlook and estimate and other similar words forward looking statements are based upon our current expectations and beliefs concerning future developments and their potential effects on us such forward looking statements are not guarantees of future performance various factors may cause our actual results to differ materially from those expressed in our forward looking statements these factors include fluctuations in the price of the canadian dollar as the value of the shares relates directly to the value of the canadian dollars held by the trust and price fluctuations could materially adversely affect an investm
1353612,Invesco CurrencyShares Canadian Dollar Trust,10-KT,2019-03-11,2019,0,0.030976549897254624,item 7 management s discussion and analysis of financial condition and results of operations introduction the following discussion and analysis was prepared to supplement information contained in the accompanying financial statements and is intended to explain certain items regarding the trust s financial condition as of december 31 2018 and its results of operations for the two months ended december 31 2018 and 2017 unaudited and for the years ended october 31 2018 and 2017 it should be read in conjunction with the selected financial data and the accompanying audited financial statements and related notes thereto contained in this transition report cautionary statement regarding forward looking information this report contains forward looking statements within the meaning of the private securities litigation reform act of 1995 forward looking statements can be identified by words such as anticipate expect intend plan believe seek outlook and estimate and other similar words forward lo
1062506,ATLANTICA INC,10-K,2022-03-17,2022,0,0.030608719968715503,item 7 management s discussion and analysis of financial condition and results of operations forward looking statements statements made in this annual report which are not purely historical are forward looking statements with respect to the goals plan objectives intentions expectations financial condition results of operations future performance and our business including without limitation i our ability to raise capital and ii statements preceded by followed by or that include the words may would could should expects projects anticipates believes estimates plans intends targets or similar expressions forward looking statements involve inherent risks and uncertainties and actual results may differ materially from those set forth in the forward looking statements depending upon a number of factors many of which are beyond our control these factors include but are not limited to the following general economic or industry conditions nationally and or in the communities in which we may con
1353611,Invesco CurrencyShares British Pound Sterling Trust,10-KT,2019-03-11,2019,0,0.030443746548705297,item 7 mana gement s discussion and analysis of financial condition and results of operations introduction the following discussion and analysis was prepared to supplement information contained in the accompanying financial statements and is intended to explain certain items regarding the trust s financial condition as of december 31 2018 and its results of operations for the two months ended december 31 2018 and 2017 unaudited and for the years ended october 31 2018 and 2017 it should be read in conjunction with the selected financial data and the accompanying audited financial statements and related notes thereto contained in this transition report cautionary statement regarding forward looking information this report contains forward looking statements within the meaning of the private securities litigation reform act of 1995 forward looking statements can be identified by words such as anticipate expect intend plan believe seek outlook and estimate and other similar words forward l
1803096,"STARGUIDE GROUP, INC.",10-K,2021-04-21,2021,0,0.03025491282393311,item 7 management s discussion and analysis of financial condition and results of operations the following discussion should be read in conjunction with our financial statements including the notes thereto appearing elsewhere in this annual report the following discussion contains forward looking statements that reflect our plans estimates and beliefs our actual results could differ materially from those discussed in the forward looking statements factors that could cause or contribute to such differences include but are not limited to those discussed below and elsewhere in this annual report our audited financial statements are stated in united states dollars and are prepared in accordance with united states generally accepted accounting principles results of operations year ended january 31 2021 compared to year ended january 31 2020 operating expenses during year ended january 31 2021 we incurred 7 879 general and administrative expenses compared to 926 during year ended january 31 
1696411,Crona Corp.,10-K,2018-04-18,2018,0,0.030190233677963252,item 7 management s discussion and analysis of financial condition and results of operations the following discussion should be read in conjunction with our financial statements including the notes thereto appearing elsewhere in this annual report the following discussion contains forward looking statements that reflect our plans estimates and beliefs our actual results could differ materially from those discussed in the forward looking statements our audited financial statements are stated in united states dollars and are prepared in accordance with united states generally accepted accounting principles results of operations we have incurred recurring losses to date our financial statements have been prepared assuming that we will continue as a going concern and accordingly do not include adjustments relating to the recoverability and realization of assets and classification of liabilities that might be necessary should we be unable to continue in operation we expect we will require a
1062506,ATLANTICA INC,10-K,2023-03-31,2023,0,0.03013307283630129,item 7 management s discussion and analysis of financial condition and results of operations forward looking statements statements made in this annual report which are not purely historical are forward looking statements with respect to the goals plan objectives intentions expectations financial condition results of operations future performance and our business including without limitation i our ability to raise capital and ii statements preceded by followed by or that include the words may would could should expects projects anticipates believes estimates plans intends targets or similar expressions forward looking statements involve inherent risks and uncertainties and actual results may differ materially from those set forth in the forward looking statements depending upon a number of factors many of which are beyond our control these factors include but are not limited to the following general economic or industry conditions nationally and or in the communities in which we may con
1062506,ATLANTICA INC,10-K,2018-04-02,2018,0,0.03006090046213339,item 7 management s discussion and analysis of financial condition and results of operation forward looking statements statements made in this annual report which are not purely historical are forward looking statements with respect to the goals plan objectives intentions expectations financial condition results of operations future performance and our business including without limitation i our ability to raise capital and ii statements preceded by followed by or that include the words may would could should expects projects anticipates believes estimates plans intends targets or similar expressions forward looking statements involve inherent risks and uncertainties and actual results may differ materially from those set forth in the forward looking statements depending upon a number of factors many of which are beyond our control these factors include but are not limited to the following general economic or industry conditions nationally and or in the communities in which we may cond
1365388,"Gulf & Orient Steamship Company, Ltd.",10-K,2018-04-17,2018,0,0.029936158951911263,item 7 management s discussion and analysis of financial condition and results of operations forward looking statements statements made in this annual report which are not purely historical are forward looking statements with respect to the goals plan objectives intentions expectations financial condition results of operations future performance and our business including without limitation i our ability to raise capital and ii statements preceded by followed by or that include the words may would could should expects projects anticipates believes estimates plans intends targets or similar expressions forward looking statements involve inherent risks and uncertainties and important factors many of which are beyond our control that could cause actual results to differ materially from those set forth in the forward looking statements including the following general economic or industry conditions nationally and or in the communities in which we may conduct business changes in the interes
733590,TRANSCONTINENTAL REALTY INVESTORS INC,10-K,2018-04-02,2018,0,0.028735838650948753,item 7 management s discussion and analysis of financial condition and results of operations table_end the following discussion should be read in conjunction with the financial statements and notes thereto appearing elsewhere in this report the annual report on form 10 k contains forward looking statements within the meaning of the federal securities laws principally but not only under the captions business risk factors and management s discussion and analysis of financial condition and results of operations we caution investors that any forward looking statements in this report or which management may make orally or in writing from time to time are based on management s beliefs and on assumptions made by and information currently available to management when used the words anticipate believe expect intend may might plan estimate project should will result and similar expressions which do not relate solely to historical matters are intended to identify forward looking statements these 
1353615,Invesco CurrencyShares Swiss Franc Trust,10-KT,2019-03-11,2019,0,0.028730919477286787,item 7 management s discussion and analysis of financial condition and results of operations introduction the following discussion and analysis was prepared to supplement information contained in the accompanying financial statements and is intended to explain certain items regarding the trust s financial condition as of december 31 2018 and its results of operations for the two months ended december 31 2018 and 2017 unaudited and for the years ended october 31 2018 and 2017 it should be read in conjunction with the selected financial data and the accompanying audited financial statements and related notes thereto contained in this transition report cautionary statement regarding forward looking information this report contains forward looking statements within the meaning of the private securities litigation reform act of 1995 forward looking statements can be identified by words such as anticipate expect intend plan believe seek outlook and estimate and other similar words forward lo
1353613,Invesco CurrencyShares Japanese Yen Trust,10-KT,2019-03-11,2019,0,0.028295157752879718,item 7 management s discussion and analysis of financial condition and results of operations introduction the following discussion and analysis was prepared to supplement information contained in the accompanying financial statements and is intended to explain certain items regarding the trust s financial condition as of december 31 2018 and its results of operations for the two months ended december 31 2018 and 2017 unaudited and for the years ended october 31 2018 and 2017 it should be read in conjunction with the selected financial data and the accompanying audited financial statements and related notes thereto contained in this transition report cautionary statement regarding forward looking information this report contains forward looking statements within the meaning of the private securities litigation reform act of 1995 forward looking statements can be identified by words such as anticipate expect intend plan believe seek outlook and estimate and other similar words forward lo
1327068,"United States Oil Fund, LP",10-K,2020-02-21,2020,0,0.027512511326520772,item 7 management s discussion and analysis of financial condition and results of operations the following discussion should be read in conjunction with the financial statements and the notes thereto of uso included elsewhere in this annual report on form 10 k forward looking information this annual report on form 10 k including this management s discussion and analysis of financial condition and results of operations contains forward looking statements regarding the plans and objectives of management for future operations this information may involve known and unknown risks uncertainties and other factors that may cause uso s actual results performance or achievements to be materially different from future results performance or achievements expressed or implied by any forward looking statements forward looking statements which involve assumptions and describe uso s future plans strategies and expectations are generally identifiable by use of the words may will should expect anticipat
1102238,AMERICAN REALTY INVESTORS INC,10-K,2018-04-02,2018,0,0.02725218269015106,item 7 management s discussion and analysis of financial condition and results of operations table_end the following discussion should be read in conjunction with the financial statements and notes thereto appearing elsewhere in this report this annual report on form 10 k contains forward looking statements within the meaning of the federal securities laws principally but not only under the captions business risk factors and management s discussion and analysis of financial condition and results of operations we caution investors that any forward looking statements in this report or which management may make orally or in writing from time to time are based on management s beliefs and on assumptions made by and information currently available to management when used the words anticipate believe expect intend may might plan estimate project should will result and similar expressions which do not relate solely to historical matters are intended to identify forward looking statements these
1353615,Invesco CurrencyShares Swiss Franc Trust,10-K,2021-02-26,2021,0,0.02713171264842895,item 7 management s discussion and analysis of financial condition and results of operations introduction the following discussion and analysis was prepared to supplement information contained in the accompanying financial statements and is intended to explain certain items regarding the trust s financial condition as of december 31 2020 and its results of operations for the fiscal years ended december 31 2020 and december 31 2019 it should be read in conjunction with the selected financial data and the accompanying audited financial statements and related notes thereto contained in this report cautionary statement regarding forward looking information this report contains forward looking statements within the meaning of the private securities litigation reform act of 1995 forward looking statements can be identified by words such as anticipate expect intend plan believe seek outlook and estimate and other similar words forward looking statements are based upon our current expectations
733590,TRANSCONTINENTAL REALTY INVESTORS INC,10-K,2019-04-01,2019,0,0.026995797219161788,item 7 management s discussion and analysis of financial condition and results of operations table_end the following discussion should be read in conjunction with the financial statements and notes thereto appearing elsewhere in this report the annual report on form 10 k contains forward looking statements within the meaning of the federal securities laws principally but not only under the captions business risk factors and management s discussion and analysis of financial condition and results of operations we caution investors that any forward looking statements in this report or which management may make orally or in writing from time to time are based on management s beliefs and on assumptions made by and information currently available to management when used the words anticipate believe expect intend may might plan estimate project should will result and similar expressions which do not relate solely to historical matters are intended to identify forward looking statements these 
1700849,VADO CORP.,10-K,2019-02-11,2019,0,0.026189235068483363,item 7 management s discussion and analysis of financial condition and result of operations the following discussion should be read in conjunction with our financial statements including the notes thereto appearing elsewhere in this annual report the following discussion contains forward looking statements that reflect our plans estimates and beliefs our actual results could differ materially from those discussed in the forward looking statements factors that could cause or contribute to such differences include but are not limited to those discussed below and elsewhere in this annual report our audited financial statements are stated in united states dollars and are prepared in accordance with united states generally accepted accounting principles 5 page results of operations as of november 30 2018 our accumulated deficit was 5 845 we expect we will require additional capital to meet our long term operating requirements we expect to raise additional capital through among other things 
1353613,Invesco CurrencyShares Japanese Yen Trust,10-K,2022-02-25,2022,0,0.02576498433310148,item 7 management s discussion and analysis of financial condition and results of operations introduction the following discussion and analysis was prepared to supplement information contained in the accompanying financial statements and is intended to explain certain items regarding the trust s financial condition as of december 31 2021 and its results of operations for the fiscal years ended december 31 2021 and december 31 2020 it should be read in conjunction with the audited financial statements and related notes thereto contained in this report cautionary statement regarding forward looking information this report contains forward looking statements within the meaning of the private securities litigation reform act of 1995 forward looking statements can be identified by words such as anticipate expect intend plan believe seek outlook and estimate and other similar words forward looking statements are based upon our current expectations and beliefs concerning future developments a
1353615,Invesco CurrencyShares Swiss Franc Trust,10-K,2020-02-28,2020,0,0.02537791344043261,item 7 management s discussion and analysis of financial condition and results of operations introduction the following discussion and analysis was prepared to supplement information contained in the accompanying financial statements and is intended to explain certain items regarding the trust s financial condition as of december 31 2019 and its results of operations for the fiscal year ended december 31 2019 the two months ended december 31 2018 and the fiscal year ended october 31 2018 it should be read in conjunction with the selected financial data and the accompanying audited financial statements and related notes thereto contained in this report cautionary statement regarding forward looking information this report contains forward looking statements within the meaning of the private securities litigation reform act of 1995 forward looking statements can be identified by words such as anticipate expect intend plan believe seek outlook and estimate and other similar words forward 
1851048,Cyber App Solutions Corp.,10-K,2022-05-27,2022,0,0.025023442136294927,item 7 management s discussion and analysis of financial condition and result of operations the following discussion should be read in conjunction with our financial statements including the notes thereto appearing elsewhere in this annual report the following discussion contains forward looking statements that reflect our plans estimates and beliefs our actual results could differ materially from those discussed in the forward looking statements factors that could cause or contribute to such differences include but are not limited to those discussed below and elsewhere in this annual report our audited financial statements are stated in united states dollars and are prepared in accordance with united states generally accepted accounting principles due to the limited level of operations the company has not had to make material assumptions or estimates other than the assumption that the company is a going concern the preparation of financial statements and related disclosures in conform
1700849,VADO CORP.,10-K,2020-01-13,2020,0,0.024405330273270076,item 7 management s discussion and analysis of financial condition and result of operations the following discussion should be read in conjunction with our financial statements including the notes thereto appearing elsewhere in this annual report the following discussion contains forward looking statements that reflect our plans estimates and beliefs our actual results could differ materially from those discussed in the forward looking statements factors that could cause or contribute to such differences include but are not limited to those discussed below and elsewhere in this annual report our audited financial statements are stated in united states dollars and are prepared in accordance with united states generally accepted accounting principles 5 page results of operations as of november 30 2019 our accumulated deficit was 41 669 we expect we will require additional capital to meet our long term operating requirements we expect to raise additional capital through among other things
1570937,ALTAIR INTERNATIONAL CORP.,10-K,2018-08-17,2018,0,0.024387450156513224,item 7 management s discussion and analysis of financial condition and results of operations the following discussion should be read in conjunction with our financial statements including the notes thereto appearing elsewhere in this annual report the following discussion contains forward looking statements that reflect our plans estimates and beliefs our actual results could differ materially from those discussed in the forward looking statements our audited financial statements are stated in united states dollars and are prepared in accordance with united states generally accepted accounting principles table_start 6 page table_end results of operations we have incurred recurring losses to date our financial statements have been prepared assuming that we will continue as a going concern and accordingly do not include adjustments relating to the recoverability and realization of assets and classification of liabilities that might be necessary should we be unable to continue in operatio
1328598,Invesco CurrencyShares Euro Trust,10-K,2020-02-28,2020,0,0.024018203361440782,item 7 management s discussion and analysis of financial condition and results of operations introduction the following discussion and analysis was prepared to supplement information contained in the accompanying financial statements and is intended to explain certain items regarding the trust s financial condition as of december 31 2019 and its results of operations for the fiscal year ended december 31 2019 the two months ended december 31 2018 and the fiscal year ended october 31 2018 it should be read in conjunction with the selected financial data and the accompanying audited financial statements and related notes thereto contained in this report cautionary statement regarding forward looking information this report contains forward looking statements within the meaning of the private securities litigation reform act of 1995 forward looking statements can be identified by words such as anticipate expect intend plan believe seek outlook and estimate and other similar words forward 
1328598,Invesco CurrencyShares Euro Trust,10-KT,2019-03-11,2019,0,0.02380088413978354,item 7 management s discussion and analysis of financial condition and results of operations introduction the following discussion and analysis was prepared to supplement information contained in the accompanying financial statements and is intended to explain certain items regarding the trust s financial condition as of december 31 2018 and its results of operations for the two months ended december 31 2018 and 2017 unaudited and for the years ended october 31 2018 and 2017 it should be read in conjunction with the selected financial data and the accompanying audited financial statements and related notes thereto contained in this transition report cautionary statement regarding forward looking information this report contains forward looking statements within the meaning of the private securities litigation reform act of 1995 forward looking statements can be identified by words such as anticipate expect intend plan believe seek outlook and estimate and other similar words forward lo
1327068,"United States Oil Fund, LP",10-K,2019-02-25,2019,0,0.023796735857815055,item 7 management s discussion and analysis of financial condition and results of operations the following discussion should be read in conjunction with the financial statements and the notes thereto of uso included elsewhere in this annual report on form 10 k forward looking information this annual report on form 10 k including this management s discussion and analysis of financial condition and results of operations contains forward looking statements regarding the plans and objectives of management for future operations this information may involve known and unknown risks uncertainties and other factors that may cause uso s actual results performance or achievements to be materially different from future results performance or achievements expressed or implied by any forward looking statements forward looking statements which involve assumptions and describe uso s future plans strategies and expectations are generally identifiable by use of the words may will should expect anticipat
1396878,"United States Gasoline Fund, LP",10-K,2020-03-20,2020,0,0.023535425226445028,item 7 management s discussion and analysis of financial condition and results of operations the following discussion should be read in conjunction with the financial statements and the notes thereto of uga included elsewhere in this annual report on form 10 k forward looking information this annual report on form 10 k including this management s discussion and analysis of financial condition and results of operations contains forward looking statements regarding the plans and objectives of management for future operations this information may involve known and unknown risks uncertainties and other factors that may cause uga s actual results performance or achievements to be materially different from future results performance or achievements expressed or implied by any forward looking statements forward looking statements which involve assumptions and describe uga s future plans strategies and expectations are generally identifiable by use of the words may will should expect anticipat
1353613,Invesco CurrencyShares Japanese Yen Trust,10-K,2023-02-24,2023,0,0.02345355007630401,item 7 management s discussion and analysis of financial condition and results of operations introduction the following discussion and analysis was prepared to supplement information contained in the accompanying financial statements and is intended to explain certain items regarding the trust s financial condition as of december 31 2022 and its results of operations for the fiscal years ended december 31 2022 and december 31 2021 it should be read in conjunction with the audited financial statements and related notes thereto contained in this report cautionary statement regarding forward looking information this report contains forward looking statements within the meaning of the private securities litigation reform act of 1995 forward looking statements can be identified by words such as anticipate expect intend plan believe seek outlook and estimate and other similar words forward looking statements are based upon our current expectations and beliefs concerning future developments a
1570132,"ANVI GLOBAL HOLDINGS, INC.",10-K,2019-06-24,2019,0,0.023424540802737148,item 7 management s discussion and analysis of financial condition and results of operations the following discussion should be read in conjunction with our financial statements including the notes thereto appearing elsewhere in this annual report the following discussion contains forward looking statements that reflect our plans estimates and beliefs our actual results could differ materially from those discussed in the forward looking statements our audited financial statements are stated in united states dollars and are prepared in accordance with united states generally accepted accounting principles results of operations the company has incurred losses since inception resulting in an accumulated deficit of 919 033 as of february 28 2019 our financial statements have been prepared assuming that we will continue as a going concern and accordingly do not include adjustments relating to the recoverability and realization of assets and classification of liabilities that might be necess
1353612,Invesco CurrencyShares Canadian Dollar Trust,10-K,2022-02-25,2022,0,0.022687886704884863,item 7 management s discussion and analysis of financial condition and results of operations introduction the following discussion and analysis was prepared to supplement information contained in the accompanying financial statements and is intended to explain certain items regarding the trust s financial condition as of december 31 2021 and its results of operations for the fiscal years ended december 31 2021 and december 31 2020 it should be read in conjunction with the audited financial statements and related notes thereto contained in this report cautionary statement regarding forward looking information this report contains forward looking statements within the meaning of the private securities litigation reform act of 1995 forward looking statements can be identified by words such as anticipate expect intend plan believe seek outlook and estimate and other similar words forward looking statements are based upon our current expectations and beliefs concerning future developments a
1939937,L A M Y,10-K,2023-09-01,2023,0,0.022424814608644428,item 7 management s discussion and analysis of financial condition and results of operations the following discussion should be read in conjunction with our financial statements including the notes thereto appearing elsewhere in this annual report the following discussion contains forward looking statements that reflect our plans estimates and beliefs our actual results could differ materially from those discussed in the forward looking statements our audited financial statements are stated in united states dollars and are prepared in accordance with united states generally accepted accounting principles results of operations we have incurred recurring losses to date our financial statements have been prepared assuming that we will continue as a going concern and accordingly do not include adjustments relating to the recoverability and realization of assets and classification of liabilities that might be necessary should we be unable to continue operations we expect we will require add
949961,INCOME OPPORTUNITY REALTY INVESTORS INC /TX/,10-K,2018-04-02,2018,0,0.02232157892713149,item 7 management s discussion and analysis of financial condition and results of operations table_end the following discussion should be read in conjunction with the financial statements and notes thereto appearing elsewhere in this report this report on form 10 k contains forward looking statements within the meaning of the federal securities laws principally but not only under the captions business risk factors and management s discussion and analysis of financial condition and results of operations we caution investors that any forward looking statements in this report or which management may make orally or in writing from time to time are based on management s beliefs and on assumptions made by and information currently available to management when used the words anticipate believe expect intend may might plan estimate project should will result and similar expressions which do not relate solely to historical matters are intended to identify forward looking statements these statem
1327068,"United States Oil Fund, LP",10-K,2018-02-28,2018,0,0.022000848339730483,item 7 management s discussion and analysis of financial condition and results of operations the following discussion should be read in conjunction with the financial statements and the notes thereto of uso included elsewhere in this annual report on form 10 k forward looking information this annual report on form 10 k including this management s discussion and analysis of financial condition and results of operations contains forward looking statements regarding the plans and objectives of management for future operations this information may involve known and unknown risks uncertainties and other factors that may cause uso s actual results performance or achievements to be materially different from future results performance or achievements expressed or implied by any forward looking statements forward looking statements which involve assumptions and describe uso s future plans strategies and expectations are generally identifiable by use of the words may will should expect anticipat
1851048,Cyber App Solutions Corp.,10-K,2023-06-02,2023,0,0.021783258642261716,item 7 management s discussion and analysis of financial condition and result of operations the following discussion should be read in conjunction with our financial statements including the notes thereto appearing elsewhere in this annual report the following discussion contains forward looking statements that reflect our plans estimates and beliefs our actual results could differ materially from those discussed in the forward looking statements factors that could cause or contribute to such differences include but are not limited to those discussed below and elsewhere in this annual report our audited financial statements are stated in united states dollars and are prepared in accordance with united states generally accepted accounting principles due to the limited level of operations the company has not had to make material assumptions or estimates other than the assumption that the company is a going concern the preparation of financial statements and related disclosures in conform
1570132,"ANVI GLOBAL HOLDINGS, INC.",10-K,2021-06-08,2021,0,0.021734476061653907,item 7 management s discussion and analysis of financial condition and results of operations the following discussion should be read in conjunction with our financial statements including the notes thereto appearing elsewhere in this annual report the following discussion contains forward looking statements that reflect our plans estimates and beliefs our actual results could differ materially from those discussed in the forward looking statements our audited financial statements are stated in united states dollars and are prepared in accordance with united states generally accepted accounting principles results of operations the company has incurred losses since inception resulting in an accumulated deficit of 1 370 796 as of february 28 2021 our financial statements have been prepared assuming that we will continue as a going concern and accordingly do not include adjustments relating to the recoverability and realization of assets and classification of liabilities that might be nece
1803096,"STARGUIDE GROUP, INC.",10-K,2022-04-29,2022,0,0.021244496724702744,item 7 management s discussion and analysis of financial condition and results of operations the following discussion should be read in conjunction with our financial statements including the notes thereto appearing elsewhere in this annual report the following discussion contains forward looking statements that reflect our plans estimates and beliefs our actual results could differ materially from those discussed in the forward looking statements factors that could cause or contribute to such differences include but are not limited to those discussed below and elsewhere in this annual report our audited financial statements are stated in united states dollars and are prepared in accordance with united states generally accepted accounting principles results of operations year ended january 31 2022 compared to year ended january 31 2021 operating expenses during year ended january 31 2022 we incurred 25 865 general and administrative expenses compared to 7 879 during year ended january 
1458023,"3D MAKERJET, INC.",10-K,2021-02-17,2021,0,0.021217076581368732,item 7 management s discussion and analysis of financial condition and results of operations forward looking statements certain statements other than purely historical information including estimates projections statements relating to our business plans objectives and expected operating results and the assumptions upon which those statements are based are forward looking statements within the meaning of the private securities litigation reform act of 1995 section 27a of the securities act of 1933 and section 21e of the securities exchange act of 1934 these forward looking statements generally are identified by the words believes project expects anticipates estimates intends strategy plan may will would will be will continue will likely result and similar expressions we intend such forward looking statements to be covered by the safe harbor provisions for forward looking statements contained in the private securities litigation reform act of 1995 and are including this statement for pur
1353611,Invesco CurrencyShares British Pound Sterling Trust,10-K,2022-02-25,2022,0,0.021141122387499545,item 7 management s discussion and analysis of financial condition and results of operations introduction the following discussion and analysis was prepared to supplement information contained in the accompanying financial statements and is intended to explain certain items regarding the trust s financial condition as of december 31 2021 and its results of operations for the fiscal years ended december 31 2021 and december 31 2020 it should be read in conjunction with the audited financial statements and related notes thereto contained in this report cautionary statement regarding forward looking information this report contains forward looking statements within the meaning of the private securities litigation reform act of 1995 forward looking statements can be identified by words such as anticipate expect intend plan believe seek outlook and estimate and other similar words forward looking statements are based upon our current expectations and beliefs concerning future developments a
1458023,"3D MAKERJET, INC.",10-K,2021-02-17,2021,0,0.02110390207633961,item 7 management s discussion and analysis of financial condition and results of operations forward looking statements certain statements other than purely historical information including estimates projections statements relating to our business plans objectives and expected operating results and the assumptions upon which those statements are based are forward looking statements within the meaning of the private securities litigation reform act of 1995 section 27a of the securities act of 1933 and section 21e of the securities exchange act of 1934 these forward looking statements generally are identified by the words believes project expects anticipates estimates intends strategy plan may will would will be will continue will likely result and similar expressions we intend such forward looking statements to be covered by the safe harbor provisions for forward looking statements contained in the private securities litigation reform act of 1995 and are including this statement for pur
1458023,"3D MAKERJET, INC.",10-K,2021-02-17,2021,0,0.020880826893795557,item 7 management s discussion and analysis of financial condition and results of operations forward looking statements certain statements other than purely historical information including estimates projections statements relating to our business plans objectives and expected operating results and the assumptions upon which those statements are based are forward looking statements within the meaning of the private securities litigation reform act of 1995 section 27a of the securities act of 1933 and section 21e of the securities exchange act of 1934 these forward looking statements generally are identified by the words believes project expects anticipates estimates intends strategy plan may will would will be will continue will likely result and similar expressions we intend such forward looking statements to be covered by the safe harbor provisions for forward looking statements contained in the private securities litigation reform act of 1995 and are including this statement for pur
918545,BALTIC INTERNATIONAL USA INC,10-K,2018-04-17,2018,0,0.020631783096982437,item 7 management s discussion and analysis or plan of operation the following discussions contain forward looking information readers are cautioned that such information involves risks and uncertainties including those created by general market conditions competition and the possibility of events may occur which limit our ability to maintain or improve our operating results or execute our primary growth strategy although we believe that the assumptions underlying the forward looking statements are reasonable any of the assumptions could be inaccurate and there can therefore be no assurance that the forward looking statements included herein will prove to be accurate the inclusion of such information should not be regarded as a representation by us or any other person that our objectives and plans will be achieved the following discussion should be read in conjunction with the financial statements and notes thereto included elsewhere herein current plan of operations our current busine
72633,NORTH EUROPEAN OIL ROYALTY TRUST,10-K,2020-12-30,2020,0,0.020243207052865753,item 7 management s discussion and analysis of financial condition and results of undefinedundefinedundefined operations executive summary the trust is a passive fixed investment trust which holds overriding royalty rights receives income under those rights from certain operating companies pays its expenses and distributes the remaining net funds to its unit owners as mandated by the trust agreement distributions of income are made on a quarterly basis these distributions as determined by the trustees constitute substantially all of the funds on hand after provision is made for trust expenses then anticipated the trust does not engage in any business or extractive operations of any kind in the areas over which it holds royalty rights and is precluded from engaging in such activities by the trust agreement there are no requirements therefore for capital resources with which to make capital expenditures or investments in order to continue the receipt of royalty revenues by the trust the 
1396878,"United States Gasoline Fund, LP",10-K,2019-03-26,2019,0,0.020146424728173518,item 7 management s discussion and analysis of financial condition and results of operations the following discussion should be read in conjunction with the financial statements and the notes thereto of uga included elsewhere in this annual report on form 10 k forward looking information this annual report on form 10 k including this management s discussion and analysis of financial condition and results of operations contains forward looking statements regarding the plans and objectives of management for future operations this information may involve known and unknown risks uncertainties and other factors that may cause uga s actual results performance or achievements to be materially different from future results performance or achievements expressed or implied by any forward looking statements forward looking statements which involve assumptions and describe uga s future plans strategies and expectations are generally identifiable by use of the words may will should expect anticipat
1102238,AMERICAN REALTY INVESTORS INC,10-K,2019-04-01,2019,0,0.019610357247326515,item 7 management s discussion and analysis of financial condition and results of operations table_end the following discussion should be read in conjunction with the financial statements and notes thereto appearing elsewhere in this report this annual report on form 10 k contains forward looking statements within the meaning of the federal securities laws principally but not only under the captions business risk factors and management s discussion and analysis of financial condition and results of operations we caution investors that any forward looking statements in this report or which management may make orally or in writing from time to time are based on management s beliefs and on assumptions made by and information currently available to management when used the words anticipate believe expect intend may might plan estimate project should will result and similar expressions which do not relate solely to historical matters are intended to identify forward looking statements these
1102238,AMERICAN REALTY INVESTORS INC,10-K,2020-03-30,2020,0,0.019012801113966638,item 7 management s discussion and analysis of financial condition and results of operations table_end the following discussion should be read in conjunction with the financial statements and notes thereto appearing elsewhere in this report this annual report on form 10 k contains forward looking statements within the meaning of the federal securities laws principally but not only under the captions business risk factors and management s discussion and analysis of financial condition and results of operations we caution investors that any forward looking statements in this report or which management may make orally or in writing from time to time are based on management s beliefs and on assumptions made by and information currently available to management when used the words anticipate believe expect intend may might plan estimate project should will result and similar expressions which do not relate solely to historical matters are intended to identify forward looking statements these
918545,BALTIC INTERNATIONAL USA INC,10-K,2023-03-27,2023,0,0.01871643016794211,item 7 management s discussion and analysis or plan of operation the following discussions contain forward looking information readers are cautioned that such information involves risks and uncertainties including those created by general market conditions competition and the possibility of events may occur which limit our ability to maintain or improve our operating results or execute our primary growth strategy although we believe that the assumptions underlying the forward looking statements are reasonable any of the assumptions could be inaccurate and there can therefore be no assurance that the forward looking statements included herein will prove to be accurate the inclusion of such information should not be regarded as a representation by us or any other person that our objectives and plans will be achieved the following discussion should be read in conjunction with the financial statements and notes thereto included elsewhere herein current plan of operations our current busine
918545,BALTIC INTERNATIONAL USA INC,10-K,2022-04-15,2022,0,0.018395490328651787,item 7 management s discussion and analysis or plan of operation the following discussions contain forward looking information readers are cautioned that such information involves risks and uncertainties including those created by general market conditions competition and the possibility of events may occur which limit our ability to maintain or improve our operating results or execute our primary growth strategy although we believe that the assumptions underlying the forward looking statements are reasonable any of the assumptions could be inaccurate and there can therefore be no assurance that the forward looking statements included herein will prove to be accurate the inclusion of such information should not be regarded as a representation by us or any other person that our objectives and plans will be achieved the following discussion should be read in conjunction with the financial statements and notes thereto included elsewhere herein current plan of operations our current busine
1353614,Invesco CurrencyShares Australian Dollar Trust,10-KT,2019-03-11,2019,0,0.018292400013882548,item 7 management s discussion and analysis of financial condition and results of operations introduction the following discussion and analysis was prepared to supplement information contained in the accompanying financial statements and is intended to explain certain items regarding the trust s financial condition as of december 31 2018 and its results of operations for the two months ended december 31 2018 and 2017 unaudited and for the years ended october 31 2018 and 2017 it should be read in conjunction with the selected financial data and the accompanying audited financial statements and related notes thereto contained in this transition report cautionary statement regarding forward looking information this report contains forward looking statements within the meaning of the private securities litigation reform act of 1995 forward looking statements can be identified by words such as anticipate expect intend plan believe seek outlook and estimate and other similar words forward lo
918545,BALTIC INTERNATIONAL USA INC,10-K,2020-04-14,2020,0,0.0182366188165633,item 7 management s discussion and analysis or plan of operation the following discussions contain forward looking information readers are cautioned that such information involves risks and uncertainties including those created by general market conditions competition and the possibility of events may occur which limit our ability to maintain or improve our operating results or execute our primary growth strategy although we believe that the assumptions underlying the forward looking statements are reasonable any of the assumptions could be inaccurate and there can therefore be no assurance that the forward looking statements included herein will prove to be accurate the inclusion of such information should not be regarded as a representation by us or any other person that our objectives and plans will be achieved the following discussion should be read in conjunction with the financial statements and notes thereto included elsewhere herein current plan of operations our current busine
1622244,"PUNTO GROUP, CORP.",10-K,2018-04-04,2018,0,0.01798726460252731,item 7 management s discussion and analysis of financial condition and results of operations the following discussion should be read in conjunction with our financial statements including the notes thereto appearing elsewhere in this annual report the following discussion contains forward looking statements that reflect our plans estimates and beliefs our actual results could differ materially from those discussed in the forward looking statements factors that could cause or contribute to such differences include but are not limited to those discussed below and elsewhere in this annual report our audited financial statements are stated in united states dollars and are prepared in accordance with united states generally accepted accounting principles results of operations we have incurred recurring losses to date our financial statements have been prepared assuming that we will continue as a going concern and accordingly do not include adjustments relating to the recoverability and real
918545,BALTIC INTERNATIONAL USA INC,10-K,2021-04-15,2021,0,0.01767466893502928,item 7 management s discussion and analysis or plan of operation the following discussions contain forward looking information readers are cautioned that such information involves risks and uncertainties including those created by general market conditions competition and the possibility of events may occur which limit our ability to maintain or improve our operating results or execute our primary growth strategy although we believe that the assumptions underlying the forward looking statements are reasonable any of the assumptions could be inaccurate and there can therefore be no assurance that the forward looking statements included herein will prove to be accurate the inclusion of such information should not be regarded as a representation by us or any other person that our objectives and plans will be achieved the following discussion should be read in conjunction with the financial statements and notes thereto included elsewhere herein current plan of operations our current busine
1458023,"Flowerkist Skin Care & Cosmetics, Inc.",10-K,2022-04-15,2022,0,0.01734943562447011,item 7 management s discussion and analysis of financial condition and results of operations forward looking statements certain statements other than purely historical information including estimates projections statements relating to our business plans objectives and expected operating results and the assumptions upon which those statements are based are forward looking statements within the meaning of the private securities litigation reform act of 1995 section 27a of the securities act of 1933 and section 21e of the securities exchange act of 1934 these forward looking statements generally are identified by the words believes project expects anticipates estimates intends strategy plan may will would will be will continue will likely result and similar expressions we intend such forward looking statements to be covered by the safe harbor provisions for forward looking statements contained in the private securities litigation reform act of 1995 and are including this statement for pur
1458023,"3D MAKERJET, INC.",10-K,2021-02-17,2021,0,0.01732857311558006,item 7 management s discussion and analysis of financial condition and results of operations forward looking statements certain statements other than purely historical information including estimates projections statements relating to our business plans objectives and expected operating results and the assumptions upon which those statements are based are forward looking statements within the meaning of the private securities litigation reform act of 1995 section 27a of the securities act of 1933 and section 21e of the securities exchange act of 1934 these forward looking statements generally are identified by the words believes project expects anticipates estimates intends strategy plan may will would will be will continue will likely result and similar expressions we intend such forward looking statements to be covered by the safe harbor provisions for forward looking statements contained in the private securities litigation reform act of 1995 and are including this statement for pur
1472494,"United States Brent Oil Fund, LP",10-K,2020-03-13,2020,0,0.017072459798210704,item 7 management s discussion and analysis of financial condition and results of operations the following discussion should be read in conjunction with the financial statements and the notes thereto of bno included elsewhere in this annual report on form 10 k forward looking information this annual report on form 10 k including this management s discussion and analysis of financial condition and results of operations contains forward looking statements regarding the plans and objectives of management for future operations this information may involve known and unknown risks uncertainties and other factors that may cause bno s actual results performance or achievements to be materially different from future results performance or achievements expressed or implied by any forward looking statements forward looking statements which involve assumptions and describe bno s future plans strategies and expectations are generally identifiable by use of the words may will should expect anticipat
1458023,"3D MAKERJET, INC.",10-K,2021-02-17,2021,0,0.016477304396873005,item 7 management s discussion and analysis of financial condition and results of operations forward looking statements certain statements other than purely historical information including estimates projections statements relating to our business plans objectives and expected operating results and the assumptions upon which those statements are based are forward looking statements within the meaning of the private securities litigation reform act of 1995 section 27a of the securities act of 1933 and section 21e of the securities exchange act of 1934 these forward looking statements generally are identified by the words believes project expects anticipates estimates intends strategy plan may will would will be will continue will likely result and similar expressions we intend such forward looking statements to be covered by the safe harbor provisions for forward looking statements contained in the private securities litigation reform act of 1995 and are including this statement for pur
1396878,"United States Gasoline Fund, LP",10-K,2018-03-14,2018,0,0.016049008329722947,item 7 management s discussion and analysis of financial condition and results of operations the following discussion should be read in conjunction with the financial statements and the notes thereto of uga included elsewhere in this annual report on form 10 k forward looking information this annual report on form 10 k including this management s discussion and analysis of financial condition and results of operations contains forward looking statements regarding the plans and objectives of management for future operations this information may involve known and unknown risks uncertainties and other factors that may cause uga s actual results performance or achievements to be materially different from future results performance or achievements expressed or implied by any forward looking statements forward looking statements which involve assumptions and describe uga s future plans strategies and expectations are generally identifiable by use of the words may will should expect anticipat
733590,TRANSCONTINENTAL REALTY INVESTORS INC,10-K,2020-03-30,2020,0,0.015587635657264065,item 7 management s discussion and analysis of financial condition and results of operations table_end the following discussion should be read in conjunction with the financial statements and notes thereto appearing elsewhere in this report the annual report on form 10 k contains forward looking statements within the meaning of the federal securities laws principally but not only under the captions business risk factors and management s discussion and analysis of financial condition and results of operations we caution investors that any forward looking statements in this report or which management may make orally or in writing from time to time are based on management s beliefs and on assumptions made by and information currently available to management when used the words anticipate believe expect intend may might plan estimate project should will result and similar expressions which do not relate solely to historical matters are intended to identify forward looking statements these 
918545,BALTIC INTERNATIONAL USA INC,10-K,2019-04-16,2019,0,0.015541135390880367,item 7 management s discussion and analysis or plan of operation the following discussions contain forward looking information readers are cautioned that such information involves risks and uncertainties including those created by general market conditions competition and the possibility of events may occur which limit our ability to maintain or improve our operating results or execute our primary growth strategy although we believe that the assumptions underlying the forward looking statements are reasonable any of the assumptions could be inaccurate and there can therefore be no assurance that the forward looking statements included herein will prove to be accurate the inclusion of such information should not be regarded as a representation by us or any other person that our objectives and plans will be achieved the following discussion should be read in conjunction with the financial statements and notes thereto included elsewhere herein current plan of operations our current busine
1023458,AEI INCOME & GROWTH FUND XXII LTD PARTNERSHIP,10-K,2023-03-31,2023,0,0.015397495541020823,item 7 management s discussion and analysis continued the fair values of above market and below market in place leases will be recorded based on the present value using an interest rate which reflects the risks associated with the leases acquired of the difference between i the contractual amounts to be paid pursuant to the in place leases and ii an estimate of fair market lease rates for the corresponding in place leases measured over a period equal to the non cancelable term of the lease including any bargain renewal periods the above market and below market lease values will be capitalized as intangible lease assets or liabilities above market lease values will be amortized as an adjustment of rental income over the remaining term of the respective leases below market lease values will be amortized as an adjustment of rental income over the remaining term of the respective leases including any bargain renewal periods if a lease were to be terminated prior to its stated expiration al
1424404,Wolverine Technologies Corp.,10-K,2018-10-01,2018,0,0.015293340237638342,item 7 management s discussion and analysis of financial condition and results of operations table_end the following discussion should be read in conjunction with our audited financial statements and the related notes for the years ended may 31 2018 and 2017 that appear elsewhere in this annual report the following discussion contains forward looking statements that reflect our plans estimates and beliefs our actual results could differ materially from those discussed in the forward looking statements factors that could cause or contribute to such differences include but are not limited to those discussed below and elsewhere in this annual report particularly in the section entitled risk factors beginning on page 12 of this annual report our audited financial statements are stated in united states dollars and are prepared in accordance with united states generally accepted accounting principles cash requirements there is limited historical financial information about us upon which to b
1700844,UNEX HOLDINGS INC.,10-K,2021-11-29,2021,0,0.015282276713266207,item 7 management s discussion and analysis of financial condition and results of operations the following discussion should be read in conjunction with our financial statements including the notes thereto appearing elsewhere in this annual report the following discussion contains forward looking statements that reflect our plans estimates and beliefs our actual results could differ materially from those discussed in the forward looking statements factors that could cause or contribute to such differences include but are not limited to those discussed below and elsewhere in this annual report our audited consolidated financial statements are stated in united states dollars and are prepared in accordance with united states generally accepted accounting principles results of operations the following summary of our operations should be read in conjunction with our audited financial statements for the years ended august 31 2021 and 2020 which are included herein table_start year ended augu
931755,AEI INCOME & GROWTH FUND XXI LTD PARTNERSHIP,10-K,2018-03-30,2018,0,0.01469788829296309,item 7 management s discussion and analysis continued the fair values of above market and below market in place leases will be recorded based on the present value using an interest rate which reflects the risks associated with the leases acquired of the difference between i the contractual amounts to be paid pursuant to the in place leases and ii an estimate of fair market lease rates for the corresponding in place leases measured over a period equal to the non cancelable term of the lease including any bargain renewal periods the above market and below market lease values will be capitalized as intangible lease assets or liabilities above market lease values will be amortized as an adjustment of rental income over the remaining term of the respective leases below market lease values will be amortized as an adjustment of rental income over the remaining term of the respective leases including any bargain renewal periods if a lease were to be terminated prior to its stated expiration al
1570132,"ANVI GLOBAL HOLDINGS, INC.",10-K,2020-07-06,2020,0,0.014419814230591077,item 7 management s discussion and analysis of financial condition and results of operations the following discussion should be read in conjunction with our financial statements including the notes thereto appearing elsewhere in this annual report the following discussion contains forward looking statements that reflect our plans estimates and beliefs our actual results could differ materially from those discussed in the forward looking statements our audited financial statements are stated in united states dollars and are prepared in accordance with united states generally accepted accounting principles results of operations the company has incurred losses since inception resulting in an accumulated deficit of 1 119 305 as of february 29 2020 our financial statements have been prepared assuming that we will continue as a going concern and accordingly do not include adjustments relating to the recoverability and realization of assets and classification of liabilities that might be nece
1458023,"3D MAKERJET, INC.",10-KT,2021-04-28,2021,0,0.014416942756530826,item 7 management s discussion and analysis of financial condition and results of operations forward looking statements certain statements other than purely historical information including estimates projections statements relating to our business plans objectives and expected operating results and the assumptions upon which those statements are based are forward looking statements within the meaning of the private securities litigation reform act of 1995 section 27a of the securities act of 1933 and section 21e of the securities exchange act of 1934 these forward looking statements generally are identified by the words believes project expects anticipates estimates intends strategy plan may will would will be will continue will likely result and similar expressions we intend such forward looking statements to be covered by the safe harbor provisions for forward looking statements contained in the private securities litigation reform act of 1995 and are including this statement for pur
1472494,"United States Brent Oil Fund, LP",10-K,2019-03-13,2019,0,0.01423421572568978,item 7 management s discussion and analysis of financial condition and results of operations the following discussion should be read in conjunction with the financial statements and the notes thereto of bno included elsewhere in this annual report on form 10 k forward looking information this annual report on form 10 k including this management s discussion and analysis of financial condition and results of operations contains forward looking statements regarding the plans and objectives of management for future operations this information may involve known and unknown risks uncertainties and other factors that may cause bno s actual results performance or achievements to be materially different from future results performance or achievements expressed or implied by any forward looking statements forward looking statements which involve assumptions and describe bno s future plans strategies and expectations are generally identifiable by use of the words may will should expect anticipat
1328598,Invesco CurrencyShares Euro Trust,10-K,2022-02-25,2022,0,0.014064858568807459,item 7 management s discussion and analysis of financial condition and results of operations introduction the following discussion and analysis was prepared to supplement information contained in the accompanying financial statements and is intended to explain certain items regarding the trust s financial condition as of december 31 2021 and its results of operations for the fiscal years ended december 31 2021 and december 31 2020 it should be read in conjunction with the audited financial statements and related notes thereto contained in this report cautionary statement regarding forward looking information this report contains forward looking statements within the meaning of the private securities litigation reform act of 1995 forward looking statements can be identified by words such as anticipate expect intend plan believe seek outlook and estimate and other similar words forward looking statements are based upon our current expectations and beliefs concerning future developments a
1483386,ETFS Precious Metals Basket Trust,10-K,2018-02-27,2018,0,0.013668465175876165,item 7 management s discussion and analysis of financial condition and results of operations this information should be read in conjunction with the financial statements and notes to the financial statements included with this report the discussion and analysis that follows may contain statements that relate to future events or future performance in some cases such forward looking statements can be identified by terminology such as may should expect plan anticipate believe estimate predict potential or the negative of these terms or other comparable terminology we remind readers that forward looking statements are merely predictions and therefore inherently subject to uncertainties and other factors and involve known and unknown risks that could cause the actual results performance levels of activity or our achievements or industry results to be materially different from any future results performance levels of activity or our achievements expressed or implied by such forward looking s
72633,NORTH EUROPEAN OIL ROYALTY TRUST,10-K,2019-12-30,2019,0,0.013298003933320868,item 7 management s discussion and analysis of financial condition and results of undefinedundefinedundefined operations executive summary the trust is a passive fixed investment trust which holds overriding royalty rights receives income under those rights from certain operating companies pays its expenses and distributes the remaining net funds to its unit owners as mandated by the trust agreement distributions of income are made on a quarterly basis these distributions as determined by the trustees constitute substantially all of the funds on hand after provision is made for trust expenses then anticipated the trust does not engage in any business or extractive operations of any kind in the areas over which it holds royalty rights and is precluded from engaging in such activities by the trust agreement there are no requirements therefore for capital resources with which to make capital expenditures or investments in order to continue the receipt of royalty revenues by the trust the 
1657045,Wewin Group Corp.,10-K,2018-04-19,2018,0,0.013046412385825212,item 7 management s discussion and analysis of financial condition and results of operations the following discussion should be read in conjunction with our financial statements including the notes thereto appearing elsewhere in this annual report the following discussion contains forward looking statements that reflect our plans estimates and beliefs our actual results could differ materially from those discussed in the forward looking statements our audited financial statements are stated in united states dollars and are prepared in accordance with united states generally accepted accounting principles results of operations we have incurred recurring losses to date our financial statements have been prepared assuming that we will continue as a going concern and accordingly do not include adjustments relating to the recoverability and realization of assets and classification of liabilities that might be necessary should we be unable to continue in operation we expect we will require a
1472494,"United States Brent Oil Fund, LP",10-K,2018-03-14,2018,0,0.012970844722044184,item 7 management s discussion and analysis of financial condition and results of operations the following discussion should be read in conjunction with the financial statements and the notes thereto of bno included elsewhere in this annual report on form 10 k forward looking information this annual report on form 10 k including this management s discussion and analysis of financial condition and results of operations contains forward looking statements regarding the plans and objectives of management for future operations this information may involve known and unknown risks uncertainties and other factors that may cause bno s actual results performance or achievements to be materially different from future results performance or achievements expressed or implied by any forward looking statements forward looking statements which involve assumptions and describe bno s future plans strategies and expectations are generally identifiable by use of the words may will should expect anticipat
1023458,AEI INCOME & GROWTH FUND XXII LTD PARTNERSHIP,10-K,2020-03-30,2020,0,0.012630279522618415,item 7 management s discussion and analysis continued allocation of purchase price of acquired properties upon acquisition of real properties the partnership records them in the financial statements at cost the purchase price is allocated to tangible assets consisting of land and building and to identified intangible assets and liabilities which may include the value of above market and below market leases and the value of in place leases the allocation of the purchase price is based upon the fair value of each component of the property although independent appraisals may be used to assist in the determination of fair value in many cases these values will be based upon management s assessment of each property the selling prices of comparable properties and the discounted value of cash flows from the asset the fair values of above market and below market in place leases will be recorded based on the present value using an interest rate which reflects the risks associated with the leases
949961,INCOME OPPORTUNITY REALTY INVESTORS INC /TX/,10-K,2020-03-24,2020,0,0.012075266128948214,item 7 management s discussion and analysis of financial condition and results of operations table_end the following discussion should be read in conjunction with the financial statements and notes thereto appearing elsewhere in this report this report on form 10 k contains forward looking statements within the meaning of the federal securities laws principally but not only under the captions business risk factors and management s discussion and analysis of financial condition and results of operations we caution investors that any forward looking statements in this report or which management may make orally or in writing from time to time are based on management s beliefs and on assumptions made by and information currently available to management when used the words anticipate believe expect intend may might plan estimate project should will result and similar expressions which do not relate solely to historical matters are intended to identify forward looking statements these statem
1023458,AEI INCOME & GROWTH FUND XXII LTD PARTNERSHIP,10-K,2019-03-29,2019,0,0.011781313621650746,item 7 management s discussion and analysis continued application of critical accounting policies the partnership s financial statements have been prepared in accordance with us gaap preparing the financial statements requires management to use judgment in the application of these accounting policies including making estimates and assumptions these judgments will affect the reported amounts of the partnership s assets and liabilities and the disclosure of contingent assets and liabilities as of the dates of the financial statements and will affect the reported amounts of revenue and expenses during the reporting periods it is possible that the carrying amount of the partnership s assets and liabilities or the results of reported operations will be affected if management s estimates or assumptions prove inaccurate management of the partnership evaluates the following accounting estimates on an ongoing basis and has discussed the development and selection of these estimates and the manag
1605331,AB INTERNATIONAL GROUP CORP.,10-K,2018-12-10,2018,0,0.011661702555007925,item 7 management s discussion and analysis of financial condition and results of operations forward looking statements certain statements other than purely historical information including estimates projections statements relating to our business plans objectives and expected operating results and the assumptions upon which those statements are based are forward looking statements within the meaning of the private securities litigation reform act of 1995 section 27a of the securities act of 1933 and section 21e of the securities exchange act of 1934 these forward looking statements generally are identified by the words believes project expects anticipates estimates intends strategy plan may will would will be will continue will likely result and similar expressions we intend such forward looking statements to be covered by the safe harbor provisions for forward looking statements contained in the private securities litigation reform act of 1995 and are including this statement for pur
949961,INCOME OPPORTUNITY REALTY INVESTORS INC /TX/,10-K,2019-04-01,2019,0,0.011599500880398683,item 7 management s discussion and analysis of financial condition and results of operations table_end the following discussion should be read in conjunction with the financial statements and notes thereto appearing elsewhere in this report this report on form 10 k contains forward looking statements within the meaning of the federal securities laws principally but not only under the captions business risk factors and management s discussion and analysis of financial condition and results of operations we caution investors that any forward looking statements in this report or which management may make orally or in writing from time to time are based on management s beliefs and on assumptions made by and information currently available to management when used the words anticipate believe expect intend may might plan estimate project should will result and similar expressions which do not relate solely to historical matters are intended to identify forward looking statements these statem
1353614,Invesco CurrencyShares Australian Dollar Trust,10-K,2022-02-25,2022,0,0.011303707112164052,item 7 management s discussion and analysis of financial condition and results of operations introduction the following discussion and analysis was prepared to supplement information contained in the accompanying financial statements and is intended to explain certain items regarding the trust s financial condition as of december 31 2021 and its results of operations for the fiscal years ended december 31 2021 and december 31 2020 it should be read in conjunction with the audited financial statements and related notes thereto contained in this report cautionary statement regarding forward looking information this report contains forward looking statements within the meaning of the private securities litigation reform act of 1995 forward looking statements can be identified by words such as anticipate expect intend plan believe seek outlook and estimate and other similar words forward looking statements are based upon our current expectations and beliefs concerning future developments a
313364,MESA ROYALTY TRUST/TX,10-K,2018-04-02,2018,0,0.010740086439007701,item 7 management s discussion and analysis of financial condition and results of operations trust overview the following review of mesa royalty trust s the trust financial condition and results of operations should be read in conjunction with the financial statements and notes thereto the discussion of net production attributable to the hugoton and san juan basin royalty properties as each is defined below represents production volumes that are to a large extent hypothetical as the trust does not own and is not entitled to any specific production volumes any discussion of actual production volumes represents the hydrocarbons that were produced from the properties in which the trust has an overriding royalty interest the trust was created on november 1 1979 and is now governed by the mesa royalty trust indenture as amended the trust indenture through a series of conveyances assignments and acquisitions the trust currently owns an overriding royalty interest the royalty equal to 11 44 o
1424404,Wolverine Technologies Corp.,10-K,2019-09-16,2019,0,0.009662508300432249,item 7 management s discussion and analysis of financial condition and results of operations table_end the following discussion should be read in conjunction with our audited financial statements and the related notes for the years ended may 31 2019 and 2018 that appear elsewhere in this annual report the following discussion contains forward looking statements that reflect our plans estimates and beliefs our actual results could differ materially from those discussed in the forward looking statements factors that could cause or contribute to such differences include but are not limited to those discussed below and elsewhere in this annual report particularly in the section entitled risk factors beginning on page 12 of this annual report our audited financial statements are stated in united states dollars and are prepared in accordance with united states generally accepted accounting principles cash requirements there is limited historical financial information about us upon which to b
1459862,ETFS PALLADIUM TRUST,10-K,2018-02-27,2018,0,0.009552003378905272,item 7 management s discussion and analysis of financial condition and results of operations this information should be read in conjunction with the financial statements and notes to the financial statements included with this report the discussion and analysis that follows may contain statements that relate to future events or future performance in some cases such forward looking statements can be identified by terminology such as may should expect plan anticipate believe estimate predict potential or the negative of these terms or other comparable terminology we remind readers that forward looking statements are merely predictions and therefore inherently subject to uncertainties and other factors and involve known and unknown risks that could cause the actual results performance levels of activity or our achievements or industry results to be materially different from any future results performance levels of activity or our achievements expressed or implied by such forward looking s
1424404,Wolverine Technologies Corp.,10-K,2021-11-17,2021,0,0.0094410452267078,item 7 management s discussion and analysis of financial condition and results of operations the following discussion should be read in conjunction with our audited financial statements and the related notes for the years ended may 31 2021 and 2020 that appear elsewhere in this annual report the following discussion contains forward looking statements that reflect our plans estimates and beliefs our actual results could differ materially from those discussed in the forward looking statements factors that could cause or contribute to such differences include but are not limited to those discussed below and elsewhere in this annual report particularly in the section entitled risk factors beginning on page 12 of this annual report our audited financial statements are stated in united states dollars and are prepared in accordance with united states generally accepted accounting principles cash requirements there is limited historical financial information about us upon which to base an eva
1353611,Invesco CurrencyShares British Pound Sterling Trust,10-K,2023-02-24,2023,0,0.009433680701388003,item 7 management s discussion and analysis of financial condition and results of operations introduction the following discussion and analysis was prepared to supplement information contained in the accompanying financial statements and is intended to explain certain items regarding the trust s financial condition as of december 31 2022 and its results of operations for the fiscal years ended december 31 2022 and december 31 2021 it should be read in conjunction with the audited financial statements and related notes thereto contained in this report cautionary statement regarding forward looking information this report contains forward looking statements within the meaning of the private securities litigation reform act of 1995 forward looking statements can be identified by words such as anticipate expect intend plan believe seek outlook and estimate and other similar words forward looking statements are based upon our current expectations and beliefs concerning future developments a
1310630,China Foods Holdings Ltd.,10-KT,2020-03-30,2020,0,0.009409138615468993,item 7 management s discussion and analysis of financial condition and results of operations table_end special note regarding forward looking statements this form 10 k contains certain forward looking statements within the meaning of the private securities litigation reform act of 1995 for this purpose any statements contained in this form 10 k that are not statements of historical fact may be deemed to be forward looking statements without limiting the foregoing words such as may will expect believe anticipate estimate or continue or comparable terminology are intended to identify forward looking statements these statements by their nature involve substantial risks and uncertainties and actual results may differ materially depending on a variety of factors many of which are not within our control these factors include by are not limited to economic conditions generally and in the industries in which we may participate competition within our chosen industry including competition from m
1353612,Invesco CurrencyShares Canadian Dollar Trust,10-K,2023-02-24,2023,0,0.009201180048400925,item 7 management s discussion and analysis of financial condition and results of operations introduction the following discussion and analysis was prepared to supplement information contained in the accompanying financial statements and is intended to explain certain items regarding the trust s financial condition as of december 31 2022 and its results of operations for the fiscal years ended december 31 2022 and december 31 2021 it should be read in conjunction with the audited financial statements and related notes thereto contained in this report cautionary statement regarding forward looking information this report contains forward looking statements within the meaning of the private securities litigation reform act of 1995 forward looking statements can be identified by words such as anticipate expect intend plan believe seek outlook and estimate and other similar words forward looking statements are based upon our current expectations and beliefs concerning future developments a
1023458,AEI INCOME & GROWTH FUND XXII LTD PARTNERSHIP,10-K,2022-03-31,2022,0,0.009051013315036216,item 7 management s discussion and analysis continued application of critical accounting policies the partnership s financial statements have been prepared in accordance with us gaap preparing the financial statements requires management to use judgment in the application of these accounting policies including making estimates and assumptions these judgments will affect the reported amounts of the partnership s assets and liabilities and the disclosure of contingent assets and liabilities as of the dates of the financial statements and will affect the reported amounts of revenue and expenses during the reporting periods it is possible that the carrying amount of the partnership s assets and liabilities or the results of reported operations will be affected if management s estimates or assumptions prove inaccurate management of the partnership evaluates the following accounting estimates on an ongoing basis and has discussed the development and selection of these estimates and the manag
72633,NORTH EUROPEAN OIL ROYALTY TRUST,10-K,2021-12-30,2021,0,0.009012441497576129,item 7 management s discussion and analysis of financial condition and results undefinedundefinedundefined of operations executive summary the trust is a passive fixed investment trust which holds overriding royalty rights receives income under those rights from certain operating companies pays its expenses and distributes the remaining net funds to its unit owners as mandated by the trust agreement distributions of income are made on a quarterly basis these distributions as determined by the trustees constitute substantially all of the funds on hand after provision is made for trust expenses then anticipated the trust does not engage in any business or extractive operations of any kind in the areas over which it holds royalty rights and is precluded from engaging in such activities by the trust agreement there are no requirements therefore for capital resources with which to make capital expenditures or investments in order to continue the receipt of royalty revenues by the trust the 
1023458,AEI INCOME & GROWTH FUND XXII LTD PARTNERSHIP,10-K,2018-03-30,2018,0,0.00882226229437133,item 7 management s discussion and analysis continued application of critical accounting policies the partnership s financial statements have been prepared in accordance with us gaap preparing the financial statements requires management to use judgment in the application of these accounting policies including making estimates and assumptions these judgments will affect the reported amounts of the partnership s assets and liabilities and the disclosure of contingent assets and liabilities as of the dates of the financial statements and will affect the reported amounts of revenue and expenses during the reporting periods it is possible that the carrying amount of the partnership s assets and liabilities or the results of reported operations will be affected if management s estimates or assumptions prove inaccurate management of the partnership evaluates the following accounting estimates on an ongoing basis and has discussed the development and selection of these estimates and the manag
1328598,Invesco CurrencyShares Euro Trust,10-K,2023-02-24,2023,0,0.008580346090643287,item 7 management s discussion and analysis of financial condition and results of operations introduction the following discussion and analysis was prepared to supplement information contained in the accompanying financial statements and is intended to explain certain items regarding the trust s financial condition as of december 31 2022 and its results of operations for the fiscal years ended december 31 2022 and december 31 2021 it should be read in conjunction with the audited financial statements and related notes thereto contained in this report cautionary statement regarding forward looking information this report contains forward looking statements within the meaning of the private securities litigation reform act of 1995 forward looking statements can be identified by words such as anticipate expect intend plan believe seek outlook and estimate and other similar words forward looking statements are based upon our current expectations and beliefs concerning future developments a
931755,AEI INCOME & GROWTH FUND XXI LTD PARTNERSHIP,10-K,2020-03-30,2020,0,0.008006456282027119,item 7 management s discussion and analysis continued allocation of purchase price of acquired properties upon acquisition of real properties the partnership records them in the financial statements at cost the purchase price is allocated to tangible assets consisting of land and building and to identified intangible assets and liabilities which may include the value of above market and below market leases and the value of in place leases the allocation of the purchase price is based upon the fair value of each component of the property although independent appraisals may be used to assist in the determination of fair value in many cases these values will be based upon management s assessment of each property the selling prices of comparable properties and the discounted value of cash flows from the asset the fair values of above market and below market in place leases will be recorded based on the present value using an interest rate which reflects the risks associated with the leases
1353615,Invesco CurrencyShares Swiss Franc Trust,10-K,2022-02-25,2022,0,0.00786115287459882,item 7 management s discussion and analysis of financial condition and results of operations introduction the following discussion and analysis was prepared to supplement information contained in the accompanying financial statements and is intended to explain certain items regarding the trust s financial condition as of december 31 2021 and its results of operations for the fiscal years ended december 31 2021 and december 31 2020 it should be read in conjunction with the audited financial statements and related notes thereto contained in this report cautionary statement regarding forward looking information this report contains forward looking statements within the meaning of the private securities litigation reform act of 1995 forward looking statements can be identified by words such as anticipate expect intend plan believe seek outlook and estimate and other similar words forward looking statements are based upon our current expectations and beliefs concerning future developments a
1570132,"ANVI GLOBAL HOLDINGS, INC.",10-K,2022-06-08,2022,0,0.007846323273140332,item 7 management s discussion and analysis of financial condition and results of operations the following discussion should be read in conjunction with our financial statements including the notes thereto appearing elsewhere in this annual report the following discussion contains forward looking statements that reflect our plans estimates and beliefs our actual results could differ materially from those discussed in the forward looking statements our audited financial statements are stated in united states dollars and are prepared in accordance with united states generally accepted accounting principles table_start 2 table_end table_start table_end results of operations the company has incurred losses since inception resulting in an accumulated deficit of 1 601 854 as of february 28 2022 our financial statements have been prepared assuming that we will continue as a going concern and accordingly do not include adjustments relating to the recoverability and realization of assets and cl
931755,AEI INCOME & GROWTH FUND XXI LTD PARTNERSHIP,10-K,2019-03-29,2019,0,0.007637287514413116,item 7 management s discussion and analysis continued application of critical accounting policies the partnership s financial statements have been prepared in accordance with us gaap preparing the financial statements requires management to use judgment in the application of these accounting policies including making estimates and assumptions these judgments will affect the reported amounts of the partnership s assets and liabilities and the disclosure of contingent assets and liabilities as of the dates of the financial statements and will affect the reported amounts of revenue and expenses during the reporting periods it is possible that the carrying amount of the partnership s assets and liabilities or the results of reported operations will be affected if management s estimates or assumptions prove inaccurate management of the partnership evaluates the following accounting estimates on an ongoing basis and has discussed the development and selection of these estimates and the manag
850033,BP PRUDHOE BAY ROYALTY TRUST,10-K,2018-03-01,2018,0,0.006429257015260592,item 7 trustee s discussion and analysis of financial condition and results of operations table_end liquidity and capital resources the trust is a passive entity the trustee s activities are limited to collecting and distributing the revenues from the royalty interest and paying liabilities and expenses of the trust generally the trust has no source of liquidity and no capital resources other than the revenue attributable to the royalty interest that it receives from time to time see the discussion under the royalty interest in item 1 for a description of the calculation of the per barrel royalty and the discussion under the prudhoe bay unit and field reserve estimates in item 1 for information concerning the estimated future net revenues of the trust however the trust agreement gives the trustee power to borrow establish a cash reserve or dispose of all or part of the trust property under limited circumstances see the discussion under the trust sales of royalty interest borrowings and
1483386,Aberdeen Standard Precious Metals Basket ETF Trust,10-K,2020-02-28,2020,0,0.0058765184107807955,item 7 management s discussion and analysis of financial condition and results of operations this information should be read in conjunction with the financial statements and notes to the financial statements included with this report the discussion and analysis that follows may contain statements that relate to future events or future performance in some cases such forward looking statements can be identified by terminology such as may should expect plan anticipate believe estimate predict potential or the negative of these terms or other comparable terminology we remind readers that forward looking statements are merely predictions and therefore inherently subject to uncertainties and other factors and involve known and unknown risks that could cause the actual results performance levels of activity or our achievements or industry results to be materially different from any future results performance levels of activity or our achievements expressed or implied by such forward looking s
34285,RELIABILITY INC,10-K,2019-03-28,2019,0,0.005535843326764434,item 7 management s discussion and analysis of financial condition and results of operations table_end management s discussion and analysis of its financial condition and results of operations is based on the company s financial statements which have been prepared in accordance with accounting principles generally accepted in the united states the preparation of these financial statements requires the company to make estimates and judgments that affect the reported amounts of assets liabilities revenues and expenses and the related disclosure of contingent assets and liabilities if any exist the company evaluates its estimates on an on going basis the company bases its estimates on historical experience and various other assumptions that are believed to be reasonable under the circumstances the results of which form the basis for making judgments about the carrying values and disclosure of amounts recorded or disclosed in the financial statements of the company critical accounting poli
1424404,Wolverine Resources Corp.,10-K,2023-09-25,2023,0,0.005303631830758215,item 7 management s discussion and analysis of financial condition and results of operations the following discussion should be read in conjunction with our audited financial statements and the related notes for the years ended may 31 2023 and 2022 that appear elsewhere in this annual report the following discussion contains forward looking statements that reflect our plans estimates and beliefs our actual results could differ materially from those discussed in the forward looking statements factors that could cause or contribute to such differences include but are not limited to those discussed below and elsewhere in this annual report particularly in the section entitled risk factors beginning on page 9 of this annual report our audited financial statements are stated in united states dollars and are prepared in accordance with united states generally accepted accounting principles cash requirements there is limited historical financial information about us upon which to base an eval
1353615,Invesco CurrencyShares Swiss Franc Trust,10-K,2023-02-24,2023,0,0.005155301765590259,item 7 management s discussion and analysis of financial condition and results of operations introduction the following discussion and analysis was prepared to supplement information contained in the accompanying financial statements and is intended to explain certain items regarding the trust s financial condition as of december 31 2022 and its results of operations for the fiscal years ended december 31 2022 and december 31 2021 it should be read in conjunction with the audited financial statements and related notes thereto contained in this report cautionary statement regarding forward looking information this report contains forward looking statements within the meaning of the private securities litigation reform act of 1995 forward looking statements can be identified by words such as anticipate expect intend plan believe seek outlook and estimate and other similar words forward looking statements are based upon our current expectations and beliefs concerning future developments a
1460235,Aberdeen Standard Platinum ETF Trust,10-K,2019-02-28,2019,0,0.005011507062245069,item 7 management s discussion and analysis of financial condition and results of operations this information should be read in conjunction with the financial statements and notes to the financial statements included with this report the discussion and analysis that follows may contain statements that relate to future events or future performance in some cases such forward looking statements can be identified by terminology such as may should expect plan anticipate believe estimate predict potential or the negative of these terms or other comparable terminology we remind readers that forward looking statements are merely predictions and therefore inherently subject to uncertainties and other factors and involve known and unknown risks that could cause the actual results performance levels of activity or our achievements or industry results to be materially different from any future results performance levels of activity or our achievements expressed or implied by such forward looking s
1450923,ETFS Gold Trust,10-K,2018-02-27,2018,0,0.004942577088821398,i tem 7 management s discussion and analysis of financial condition and results of operations this information should be read in conjunction with the financial statements and notes to the financial statements included with this report the discussion and analysis that follows may contain statements that relate to future events or future performance in some cases such forward looking statements can be identified by terminology such as may should expect plan anticipate believe estimate predict potential or the negative of these terms or other comparable terminology we remind readers that forward looking statements are merely predictions and therefore inherently subject to uncertainties and other factors and involve known and unknown risks that could cause the actual results performance levels of activity or our achievements or industry results to be materially different from any future results performance levels of activity or our achievements expressed or implied by such forward looking 
1460235,ETFS Platinum Trust,10-K,2018-02-27,2018,0,0.0049302562712344455,item 7 management s discussion and analysis of financial condition and results of operations this information should be read in conjunction with the financial statements and notes to the financial statements included with this report the discussion and analysis that follows may contain statements that relate to future events or future performance in some cases such forward looking statements can be identified by terminology such as may should expect plan anticipate believe estimate predict potential or the negative of these terms or other comparable terminology we remind readers that forward looking statements are merely predictions and therefore inherently subject to uncertainties and other factors and involve known and unknown risks that could cause the actual results performance levels of activity or our achievements or industry results to be materially different from any future results performance levels of activity or our achievements expressed or implied by such forward looking s
1450922,ETFS SILVER TRUST,10-K,2018-02-27,2018,0,0.00443085287609718,item 7 m anageme nt s discussion and analysis of financial condition and results of operations this information should be read in conjunction with the financial statements and notes to the financial statements included with this report the discussion and analysis that follows may contain statements that relate to future events or future performance in some cases such forward looking statements can be identified by terminology such as may should expect plan anticipate believe estimate predict potential or the negative of these terms or other comparable terminology we remind readers that forward looking statements are merely predictions and therefore inherently subject to uncertainties and other factors and involve known and unknown risks that could cause the actual results performance levels of activity or our achievements or industry results to be materially different from any future results performance levels of activity or our achievements expressed or implied by such forward looking
1424404,Wolverine Technologies Corp.,10-K,2021-06-28,2021,0,0.004093361965942455,item 7 management s discussion and analysis of financial condition and results of operations the following discussion should be read in conjunction with our audited financial statements and the related notes for the years ended may 31 2020 and 2019 that appear elsewhere in this annual report the following discussion contains forward looking statements that reflect our plans estimates and beliefs our actual results could differ materially from those discussed in the forward looking statements factors that could cause or contribute to such differences include but are not limited to those discussed below and elsewhere in this annual report particularly in the section entitled risk factors beginning on page 12 of this annual report our audited financial statements are stated in united states dollars and are prepared in accordance with united states generally accepted accounting principles cash requirements there is limited historical financial information about us upon which to base an eva
1424404,Wolverine Resources Corp.,10-K,2022-09-14,2022,0,0.004077457836430154,item 7 management s discussion and analysis of financial condition and results of operations the following discussion should be read in conjunction with our audited financial statements and the related notes for the years ended may 31 2022 and 2021 that appear elsewhere in this annual report the following discussion contains forward looking statements that reflect our plans estimates and beliefs our actual results could differ materially from those discussed in the forward looking statements factors that could cause or contribute to such differences include but are not limited to those discussed below and elsewhere in this annual report particularly in the section entitled risk factors beginning on page 9 of this annual report our audited financial statements are stated in united states dollars and are prepared in accordance with united states generally accepted accounting principles cash requirements there is limited historical financial information about us upon which to base an eval
1570132,"ANVI GLOBAL HOLDINGS, INC.",10-K,2023-05-30,2023,0,0.003979358980016168,item 7 management s discussion and analysis of financial condition and results of operations the following discussion should be read in conjunction with our financial statements including the notes thereto appearing elsewhere in this annual report the following discussion contains forward looking statements that reflect our plans estimates and beliefs our actual results could differ materially from those discussed in the forward looking statements our audited financial statements are stated in united states dollars and are prepared in accordance with united states generally accepted accounting principles table_start 2 table_end table_start table_end results of operations the company has incurred losses since inception resulting in an accumulated deficit of 1 833 357 as of february 28 2023 our financial statements have been prepared assuming that we will continue as a going concern and accordingly do not include adjustments relating to the recoverability and realization of assets and cl
34285,RELIABILITY INC,10-K,2018-03-29,2018,0,0.003966646443792798,item 7 management s discussion and analysis of financial condition and results of operations table_end management s discussion and analysis of its financial condition and results of operations is based on the company s financial statements which have been prepared in accordance with accounting principles generally accepted in the united states the preparation of these financial statements requires the company to make estimates and judgments that affect the reported amounts of assets liabilities revenues and expenses and the related disclosure of contingent assets and liabilities if any exist the company evaluates its estimates on an on going basis the company bases its estimates on historical experience and various other assumptions that are believed to be reasonable under the circumstances the results of which form the basis for making judgments about the carrying values and disclosure of amounts recorded or disclosed in the financial statements of the company critical accounting poli
1459862,Aberdeen Standard Palladium ETF Trust,10-K,2019-02-28,2019,0,0.003781905077483827,item 7 management s discussion and analysis of financial condition and results of operations this information should be read in conjunction with the financial statements and notes to the financial statements included with this report the discussion and analysis that follows may contain statements that relate to future events or future performance in some cases such forward looking statements can be identified by terminology such as may should expect plan anticipate believe estimate predict potential or the negative of these terms or other comparable terminology we remind readers that forward looking statements are merely predictions and therefore inherently subject to uncertainties and other factors and involve known and unknown risks that could cause the actual results performance levels of activity or our achievements or industry results to be materially different from any future results performance levels of activity or our achievements expressed or implied by such forward looking s
1483386,Aberdeen Standard Precious Metals Basket ETF Trust,10-K,2019-03-01,2019,0,0.003654111622729772,item 7 management s discussion and analysis of financial condition and results of operations this information should be read in conjunction with the financial statements and notes to the financial statements included with this report the discussion and analysis that follows may contain statements that relate to future events or future performance in some cases such forward looking statements can be identified by terminology such as may should expect plan anticipate believe estimate predict potential or the negative of these terms or other comparable terminology we remind readers that forward looking statements are merely predictions and therefore inherently subject to uncertainties and other factors and involve known and unknown risks that could cause the actual results performance levels of activity or our achievements or industry results to be materially different from any future results performance levels of activity or our achievements expressed or implied by such forward looking s
1776661,Conyers Park II Acquisition Corp.,10-K,2020-03-30,2020,0,0.0035032429447378055,item 7 management s discussion and analysis of financial condition and results of operations table_end the following discussion and analysis of our financial condition and results of operations should be read in conjunction with the financial statements and the notes thereto contained elsewhere in this report certain information contained in the discussion and analysis set forth below includes forward looking statements that involve risks and uncertainties cautionary note regarding forward looking statements all statements other than statements of historical fact included in this report including without limitation statements under management s discussion and analysis of financial condition and results of operations regarding the company s financial position business strategy and the plans and objectives of management for future operations are forward looking statements when used in this report words such as anticipate believe estimate expect intend and similar expressions as they rela
1396878,"United States Gasoline Fund, LP",10-K,2021-02-26,2021,0,0.003081215176022001,item 7 management s discussion and analysis of financial condition and results of operations the following discussion should be read in conjunction with the condensed financial statements and the notes thereto of united states gasoline fund lp uga included elsewhere in this annual report on form 10 k forward looking information this annual report on form 10 k including this management s discussion and analysis of financial condition and results of operations contains forward looking statements regarding the plans and objectives of management for future operations this information may involve known and unknown risks uncertainties and other factors that may cause uga s actual results performance or achievements to be materially different from future results performance or achievements expressed or implied by any forward looking statements uga believes these factors include but are not limited to the following changes in inflation in the united states movements in u s and foreign currenci
1820872,Apollo Strategic Growth Capital,10-K,2021-03-30,2021,0,0.003039357593263181,item 7 management s discussion and analysis of financial condition and results of operations table_end special note regarding forward looking statements all statements other than statements of historical fact included in this annual report including without limitation statements under management s discussion and analysis of financial condition and results of operations regarding the company s financial position business strategy and the plans and objectives of management for future operations are forward looking statements when used in this annual report words such as anticipate believe estimate expect intend and similar expressions as they relate to us or the company s management identify forward looking statements such forward looking statements are based on the beliefs of management as well as assumptions made by and information currently available to the company s management actual results could differ materially from those contemplated by the forward looking statements as a result
724445,BURZYNSKI RESEARCH INSTITUTE INC,10-K,2018-05-22,2018,0,0.002451092560042223,item 7 management s discussion and analysis of financial condition and results of operations the following is a discussion of the financial condition of the company as of february 28 2018 and 2017 and the results of operations for the fiscal years ended february 28 2018 and 2017 it should be read in conjunction with the financial statements and the notes thereto included elsewhere in this report the following discussion contains forward looking statements introduction the company has generated no significant revenue since its inception and does not expect to generate any operating revenues until such time if any as antineoplastons are approved for use and sale by the fda the company s sole source of funding is dr burzynski who funds the company s operations from his medical practice pursuant to certain agreements between dr burzynski and the company see certain relationships and related transactions and director independence funds received by the company from dr burzynski are reported 
72633,NORTH EUROPEAN OIL ROYALTY TRUST,10-K,2018-12-28,2018,0,0.002308255486735855,item 7 management s discussion and analysis of financial condition and results of undefinedundefinedundefined operations executive summary the trust is a passive fixed investment trust which holds overriding royalty rights receives income under those rights from certain operating companies pays its expenses and distributes the remaining net funds to its unit owners as mandated by the trust agreement distributions of income are made on a quarterly basis these distributions as determined by the trustees constitute substantially all of the funds on hand after provision is made for trust expenses then anticipated the trust does not engage in any business or extractive operations of any kind in the areas over which it holds royalty rights and is precluded from engaging in such activities by the trust agreement there are no requirements therefore for capital resources with which to make capital expenditures or investments in order to continue the receipt of royalty revenues by the trust the 
1396878,"United States Gasoline Fund, LP",10-K,2022-02-25,2022,0,0.0022653410214913405,item 7 management s discussion and analysis of financial condition and results of operations the following discussion should be read in conjunction with the financial statements and the notes thereto of the united states gasoline fund lp uga included elsewhere in this annual report on form 10 k forward looking information this annual report on form 10 k including this management s discussion and analysis of financial condition and results of operations contains forward looking statements regarding the plans and objectives of management for future operations this information may involve known and unknown risks uncertainties and other factors that may cause uga s actual results performance or achievements to be materially different from future results performance or achievements expressed or implied by any forward looking statements uga believes these factors include but are not limited to the following changes in inflation in the united states movements in u s and foreign currencies mar
1464165,Pivot Pharmaceuticals Inc.,10-K,2018-05-01,2018,0,0.0022384405702958743,item 7 management s discussion and analysis of financial condition and results of operations the following discussion should be read in conjunction with our audited financial statements and the related notes for the years ended january 31 2018 and january 31 2017 that appear elsewhere in this annual report the following discussion contains forward looking statements that reflect our plans estimates and beliefs our actual results could differ materially from those discussed in the forward looking statements factors that could cause or contribute to such differences include but are not limited to those discussed below and elsewhere in this annual report particularly in the section entitled risk factors of this annual report our audited financial statements are stated in united states dollars and are prepared in accordance with united states generally accepted accounting principles purchase of significant equipment we do not intend to purchase any significant equipment over the next twelv
1023458,AEI INCOME & GROWTH FUND XXII LTD PARTNERSHIP,10-K,2021-03-30,2021,0,0.0018302982554761482,item 7 management s discussion and analysis continued application of critical accounting policies the partnership s financial statements have been prepared in accordance with us gaap preparing the financial statements requires management to use judgment in the application of these accounting policies including making estimates and assumptions these judgments will affect the reported amounts of the partnership s assets and liabilities and the disclosure of contingent assets and liabilities as of the dates of the financial statements and will affect the reported amounts of revenue and expenses during the reporting periods it is possible that the carrying amount of the partnership s assets and liabilities or the results of reported operations will be affected if management s estimates or assumptions prove inaccurate management of the partnership evaluates the following accounting estimates on an ongoing basis and has discussed the development and selection of these estimates and the manag
724445,BURZYNSKI RESEARCH INSTITUTE INC,10-K,2019-05-29,2019,0,0.0016918732939739112,item 7 management s discussion and analysis of financial condition and results of operations the following is a discussion of the financial condition of the company as of february 28 2019 and 2018 and the results of operations for the fiscal years ended february 28 2019 and 2018 it should be read in conjunction with the financial statements and the notes thereto included elsewhere in this report the following discussion contains forward looking statements introduction the company has generated no significant revenue since its inception and does not expect to generate any operating revenues until such time if any as antineoplastons are approved for use and sale by the fda the company s sole source of funding is dr burzynski who funds the company s operations from his medical practice pursuant to certain agreements between dr burzynski and the company see certain relationships and related transactions and director independence funds received by the company from dr burzynski are reported 
1643988,"Interlink Plus, Inc.",10-K,2019-10-15,2019,0,0.0012216558260369492,item 7 management s discussion and analysis of financial condition and results of operations forward looking statements certain statements other than purely historical information including estimates projections statements relating to our business plans objectives and expected operating results and the assumptions upon which those statements are based are forward looking statements within the meaning of the private securities litigation reform act of 1995 section 27a of the securities act of 1933 and section 21e of the securities exchange act of 1934 these forward looking statements generally are identified by the words believes project expects anticipates estimates intends strategy plan may will would will be will continue will likely result and similar expressions we intend such forward looking statements to be covered by the safe harbor provisions for forward looking statements contained in the private securities litigation reform act of 1995 and are including this statement for pur
775057,ALTEX INDUSTRIES INC,10-K,2018-12-14,2018,0,0.0010556336295536872,item 7 management s discussion and analysis of financial condition and results of operations financial condition in fy18 the company used 55 000 cash in operating activities and 20 000 cash to acquire 245 900 shares of its common stock in fy17 the company used 112 000 cash in operating activities and 11 000 cash to acquire 136 821 shares of its common stock consequently cash balances decreased 75 000 and 123 000 in fy18 and fy17 respectively at september 30 2018 and 2017 other accrued expenses include 1 024 000 in salary payable to the company s president pursuant to his employment agreement that the president has elected to defer as well as 49 000 in related accrued payroll tax the company is likely to experience negative cash flow from operations unless and until the company invests in interests in producing oil and gas wells or in another venture that produces sufficient cash flow from operations with the exception of capital expenditures related to production acquisitions or drilli
1460235,Aberdeen Standard Platinum ETF Trust,10-K,2020-02-28,2020,0,0.0009874345175908683,item 7 management s discussion and analysis of financial condition and results of operations this information should be read in conjunction with the financial statements and notes to the financial statements included with this report the discussion and analysis that follows may contain statements that relate to future events or future performance in some cases such forward looking statements can be identified by terminology such as may should expect plan anticipate believe estimate predict potential or the negative of these terms or other comparable terminology we remind readers that forward looking statements are merely predictions and therefore inherently subject to uncertainties and other factors and involve known and unknown risks that could cause the actual results performance levels of activity or our achievements or industry results to be materially different from any future results performance levels of activity or our achievements expressed or implied by such forward looking s
1353614,Invesco CurrencyShares Australian Dollar Trust,10-K,2023-02-24,2023,0,0.0005716880543341629,item 7 management s discussion and analysis of financial condition and results of operations introduction the following discussion and analysis was prepared to supplement information contained in the accompanying financial statements and is intended to explain certain items regarding the trust s financial condition as of december 31 2022 and its results of operations for the fiscal years ended december 31 2022 and december 31 2021 it should be read in conjunction with the audited financial statements and related notes thereto contained in this report cautionary statement regarding forward looking information this report contains forward looking statements within the meaning of the private securities litigation reform act of 1995 forward looking statements can be identified by words such as anticipate expect intend plan believe seek outlook and estimate and other similar words forward looking statements are based upon our current expectations and beliefs concerning future developments a
1643988,"Interlink Plus, Inc.",10-K,2018-09-28,2018,0,0.0005368518953061119,item 7 management s discussion and analysis of financial condition and results of operations forward looking statements certain statements other than purely historical information including estimates projections statements relating to our business plans objectives and expected operating results and the assumptions upon which those statements are based are forward looking statements within the meaning of the private securities litigation reform act of 1995 section 27a of the securities act of 1933 and section 21e of the securities exchange act of 1934 these forward looking statements generally are identified by the words believes project expects anticipates estimates intends strategy plan may will would will be will continue will likely result and similar expressions we intend such forward looking statements to be covered by the safe harbor provisions for forward looking statements contained in the private securities litigation reform act of 1995 and are including this statement for pur
1396878,"United States Gasoline Fund, LP",10-K,2023-02-27,2023,0,-0.0003348856249881238,item 7 management s discussion and analysis of financial condition and results of operations the following discussion should be read in conjunction with the financial statements and the notes thereto of the united states gasoline fund lp uga included elsewhere in this annual report on form 10 k forward looking information this annual report on form 10 k including this management s discussion and analysis of financial condition and results of operations contains forward looking statements regarding the plans and objectives of management for future operations this information may involve known and unknown risks uncertainties and other factors that may cause uga s actual results performance or achievements to be materially different from future results performance or achievements expressed or implied by any forward looking statements uga believes these factors include but are not limited to the following changes in inflation in the united states movements in u s and foreign currencies mar
895464,MAGNA LAB INC,10-K,2019-06-12,2019,0,-0.00039447182064406006,item 7 management s discussion and analysis of financial condition and results of operations table_end overview our business had been focused on pre revenue development and commercialization of disposable medical devices designed to enhance the effectiveness of magnetic resonance imaging in detection and diagnosis of heart disease due to the unavailability of additional funding beginning in the year ended february 28 2003 we essentially ceased all of our operations including product development and commercialization efforts in connection with shutting down our activities we no longer have full time employees as a result our efforts to realize value for our shareholders since that time have been conducted by a limited number of remaining board members and part time management our efforts to fund or engage in a strategic transaction involving our prior business activity and to realize value for our technology have been unsuccessful as a result we are no longer actively pursuing that acti
724445,BURZYNSKI RESEARCH INSTITUTE INC,10-K,2023-05-25,2023,0,-0.00047583057983202615,item 7 management s discussion and analysis of financial condition and results of operations the following is a discussion of the financial condition of the company as of february 28 2023 and 2022 and the results of operations for the fiscal years ended february 28 2023 and 2022 it should be read in conjunction with the financial statements and the notes thereto included elsewhere in this report the following discussion contains forward looking statements introduction the company has generated no significant revenue since its inception and does not expect to generate any operating revenues until such time if any as antineoplastons are approved for use and sale by the fda the company s sole source of funding is dr burzynski who funds the company s operations from his medical practice pursuant to certain agreements between dr burzynski and the company see certain relationships and related transactions and director independence funds received by the company from dr burzynski are reported 
1128252,"SIPP International Industries, Inc.",10-K,2020-08-24,2020,0,-0.0008162230420646344,item 7 management s discussion and analysis of financial condition and results of operations the following discussion should be read in conjunction with the company s consolidated financial statements which are included elsewhere in this form 10 k results of operations for the year ended december 31 2005 compared to the year ended december 31 2004 revenue for the year ended december 31 2005 the company generated 0 in revenues for the year ended december 31 2004 the company generated 0 in revenues expenses for the year ended december 31 2005 we incurred operating expenses in the amount of 0 for the year ended december 31 2004 we incurred operating expenses of 0 net loss the company recorded a net operating loss of 0 for the twelve month period ended december 31 2005 compared to a net income for the same period in 2004 of 0 liquidity as of december 31 2005 the company has no business operations and no cash resources other than that provided by management we are dependent upon interim fun
746515,EXPEDITORS INTERNATIONAL OF WASHINGTON INC,10-K,2018-02-23,2018,0,-0.0008650872501054785,item 7 management s discussion and analysis of financial condition and results of operations overview expeditors international of washington inc is a global logistics company our services include air and ocean freight consolidation and forwarding customs clearance warehousing and distribution purchase order management vendor consolidation time definite transportation services cargo insurance specialized cargo monitoring and tracking and other customized logistics solutions we do not compete for overnight courier or small parcel business as a non asset based carrier we do not own or operate transportation assets we derive our revenues from three principal sources 1 airfreight services 2 ocean freight and ocean services and 3 customs brokerage and other services these are the revenue categories presented in our financial statements we generate the major portion of our air and ocean freight revenues by purchasing transportation services on a wholesale basis from direct asset based carrier
1311673,"Yacht Finders, Inc.",10-K,2020-03-26,2020,0,-0.0009864332424124878,item 7 management s discussion and analysis of financial condition and results of operation overview yacht finders inc the company was incorporated in delaware on august 15 2000 as sneeoosh corporation on october 20 2000 the company filed an amended certificate of incorporation to change the name to snohomish corporation on april 15 2003 the company filed a subsequent amendment to change the name to yacht finders inc yacht finder s inc business plan was to create an online database for public buyers and yacht brokers to interface immediately with each other while capturing the benefits of targeting a larger market on november 6 2007 the company discontinued its prior business and changed its business plan the company s business plan now consists of exploring potential targets for a business combination through the purchase of assets share purchase or exchange merger or similar type of transaction table_start 10 table_end table_start table_end the company s current business plan is to s
724445,BURZYNSKI RESEARCH INSTITUTE INC,10-K,2021-05-24,2021,0,-0.0010604495437930295,item 7 management s discussion and analysis of financial condition and results of operations table_end the following is a discussion of the financial condition of the company as of february 28 2021 and february 29 2020 and the results of operations for the fiscal years ended february 28 2021 and february 29 2020 it should be read in conjunction with the financial statements and the notes thereto included elsewhere in this report the following discussion contains forward looking statements introduction the company has generated no significant revenue since its inception and does not expect to generate any operating revenues until such time if any as antineoplastons are approved for use and sale by the fda the company s sole source of funding is dr burzynski who funds the company s operations from his medical practice pursuant to certain agreements between dr burzynski and the company see certain relationships and related transactions and director independence funds received by the compa
724445,BURZYNSKI RESEARCH INSTITUTE INC,10-K,2022-05-26,2022,0,-0.0013196157072400405,item 7 management s discussion and analysis of financial condition and results of operations the following is a discussion of the financial condition of the company as of february 28 2022 and 2021 and the results of operations for the fiscal years ended february 28 2022 and 2021 it should be read in conjunction with the financial statements and the notes thereto included elsewhere in this report the following discussion contains forward looking statements introduction the company has generated no significant revenue since its inception and does not expect to generate any operating revenues until such time if any as antineoplastons are approved for use and sale by the fda the company s sole source of funding is dr burzynski who funds the company s operations from his medical practice pursuant to certain agreements between dr burzynski and the company see certain relationships and related transactions and director independence funds received by the company from dr burzynski are reported 
1483386,Aberdeen Standard Precious Metals Basket ETF Trust,10-K,2021-03-01,2021,0,-0.0016145998400196038,item 7 management s discussion and analysis of financial condition and results of operations this information should be read in conjunction with the financial statements and notes to the financial statements included with this report the discussion and analysis that follows may contain statements that relate to future events or future performance in some cases such forward looking statements can be identified by terminology such as may should expect plan anticipate believe estimate predict potential or the negative of these terms or other comparable terminology we remind readers that forward looking statements are merely predictions and therefore inherently subject to uncertainties and other factors and involve known and unknown risks that could cause the actual results performance levels of activity or our achievements or industry results to be materially different from any future results performance levels of activity or our achievements expressed or implied by such forward looking s
1511820,Globe Net Wireless Corp.,10-K,2018-12-14,2018,0,-0.0019331647465801183,item 7 management s discussion and analysis of financial condition and results of operations the following discussion should be read in conjunction with our financial statements including the notes thereto appearing elsewhere in this annual report the following discussion contains forward looking statements that reflect our plans estimates and beliefs globe net s actual results could differ materially from those discussed in the forward looking statements factors that could cause or contribute to such differences include but are not limited to those discussed below and elsewhere in this annual report globe net s audited financial statements are stated in united states dollars and are prepared in accordance with united states generally accepted accounting principles results of operations globe net has not earned any revenue since its incorporation on september 4 2009 to august 31 2018 during the fiscal year ended august 31 2018 globe net incurred net losses of 37 269 2017 46 340 consist
1511820,Globe Net Wireless Corp.,10-K,2019-12-13,2019,0,-0.002184870895100277,item 7 management s discussion and analysis of financial condition and results of operations the following discussion should be read in conjunction with our financial statements including the notes thereto appearing elsewhere in this annual report the following discussion contains forward looking statements that reflect our plans estimates and beliefs globe net s actual results could differ materially from those discussed in the forward looking statements factors that could cause or contribute to such differences include but are not limited to those discussed below and elsewhere in this annual report globe net s audited financial statements are stated in united states dollars and are prepared in accordance with united states generally accepted accounting principles results of operations globe net has not earned any revenue since its incorporation on september 4 2009 to august 31 2019 during the fiscal year ended august 31 2019 globe net incurred net losses of 33 827 2018 37 269 consist
752714,MCGRATH RENTCORP,10-K,2020-02-25,2020,0,-0.0022971704433022433,item 7 management s discussion and analysis of financial condition and results of operations table_end the following management s discussion and analysis of financial condition and results of operations contains forward looking statements that involve risks and uncertainties the company s actual results could differ materially from those anticipated in these forward looking statements as a result of certain factors including those set forth in this section as well as those discussed under part i item 1a risk factors and elsewhere in this document this discussion should be read together with the financial statements and the related notes thereto set forth in item 8 financial statements and supplementary data results of operations general the company incorporated in 1979 is a leading rental provider of relocatable modular buildings for classroom and office space electronic test equipment for general purpose and communications needs and liquid and solid containment tanks and boxes the com
895464,MAGNA LAB INC,10-K,2018-06-13,2018,0,-0.0023291826457498277,item 7 management s discussion and analysis of financial condition and results of operations table_end overview our business had been focused on pre revenue development and commercialization of disposable medical devices designed to enhance the effectiveness of magnetic resonance imaging in detection and diagnosis of heart disease due to the unavailability of additional funding beginning in the year ended february 28 2003 we essentially ceased all of our operations including product development and commercialization efforts in connection with shutting down our activities we no longer have full time employees as a result our efforts to realize value for our shareholders since that time have been conducted by a limited number of remaining board members and part time management our efforts to fund or engage in a strategic transaction involving our prior business activity and to realize value for our technology have been unsuccessful as a result we are no longer actively pursuing that acti
1616156,"WEWARDS, INC.",10-K,2018-09-20,2018,0,-0.0024611519120108505,item 7 management s discussion and analysis of financial condition and results of operations the following discussion should be read in conjunction with our financial statements including the notes thereto appearing elsewhere in this annual report the following discussion contains forward looking statements that reflect our plans estimates and beliefs our actual results could differ materially from those discussed in the forward looking statements factors that could cause or contribute to such differences include but are not limited to those discussed below and elsewhere in this annual report our audited financial statements are stated in united states dollars and are prepared in accordance with united states generally accepted accounting principles the following discussion does not include the matters discussed in item 1 above under recent development results of operations fiscal year ended may 31 2018 compared to fiscal year ended may 31 2017 operating expenses during the year ended 
72205,NOBILITY HOMES INC,10-K,2019-01-31,2019,0,-0.0025099039410696466,item 7 management s discussion and analysis of financial condition and results of operations table_end general nobility focuses on home buyers who generally purchase their manufactured homes from retail sales centers to locate on property they own nobility has aggressively pursued this market through its prestige retail sales centers while nobility actively seeks to make wholesale sales to independent retail dealers its presence as a competitor limits potential sales to dealers located in the same geographic areas serviced by its prestige retail sales centers nobility has aggressively targeted the retirement community market which is made up of retirees moving to florida and typically purchasing or renting homes to be located on sites leased from park communities offering a variety of amenities sales are not limited by the presence of the company s prestige retail sales centers in this type of arrangement as the retirement community sells homes only within their community nobility has 
66496,MILLS MUSIC TRUST,10-K,2020-03-20,2020,0,-0.002654637303856844,item 7 management s discussion and analysis of financial condition and results of operation the copyright catalogue the catalogue is estimated to be composed of over 25 000 music titles of which approximately 1 600 produced royalty income in recent years based on the 2019 listing the trust derives its receipts principally from copyrights established prior to 1958 in the united states the receipts fluctuate based on consumer interest in the nostalgia appeal of older songs and the overall popularity of the songs contained in the catalogue the catalogue also generates royalty income in foreign countries in which copyright is claimed a number of factors create uncertainties with respect to the catalogue s ability to continue to generate royalty income on a continuing long term basis for the trust these factors include i the effect that foreign and domestic copyright laws and any changes thereto have or will have on renewal rights e g vesting of renewal term rights ii the length of the term
1450922,Aberdeen Standard Silver ETF Trust,10-K,2019-03-01,2019,0,-0.0029925459456784376,item 7 m anageme nt s discussion and analysis of financial condition and results of operations this information should be read in conjunction with the financial statements and notes to the financial statements included with this report the discussion and analysis that follows may contain statements that relate to future events or future performance in some cases such forward looking statements can be identified by terminology such as may should expect plan anticipate believe estimate predict potential or the negative of these terms or other comparable terminology we remind readers that forward looking statements are merely predictions and therefore inherently subject to uncertainties and other factors and involve known and unknown risks that could cause the actual results performance levels of activity or our achievements or industry results to be materially different from any future results performance levels of activity or our achievements expressed or implied by such forward looking
72205,NOBILITY HOMES INC,10-K,2018-01-26,2018,0,-0.003425033658978116,item 7 management s discussion and analysis of financial condition and results of operations table_end general nobility focuses on home buyers who generally purchase their manufactured homes from retail sales centers to locate on property they own nobility has aggressively pursued this market through its prestige retail sales centers while nobility actively seeks to make wholesale sales to independent retail dealers its presence as a competitor limits potential sales to dealers located in the same geographic areas serviced by its prestige retail sales centers nobility has aggressively targeted the retirement community market which is made up of retirees moving to florida and typically purchasing or renting homes to be located on sites leased from park communities offering a variety of amenities sales are not limited by the presence of the company s prestige retail sales centers in this type of arrangement as the retirement community sells homes only within their community nobility has 
931755,AEI INCOME & GROWTH FUND XXI LTD PARTNERSHIP,10-K,2021-03-30,2021,0,-0.003453456403614774,item 7 management s discussion and analysis continued the fair values of above market and below market in place leases will be recorded based on the present value using an interest rate which reflects the risks associated with the leases acquired of the difference between i the contractual amounts to be paid pursuant to the in place leases and ii an estimate of fair market lease rates for the corresponding in place leases measured over a period equal to the non cancelable term of the lease including any bargain renewal periods the above market and below market lease values will be capitalized as intangible lease assets or liabilities above market lease values will be amortized as an adjustment of rental income over the remaining term of the respective leases below market lease values will be amortized as an adjustment of rental income over the remaining term of the respective leases including any bargain renewal periods if a lease were to be terminated prior to its stated expiration al
1738021,"Olivia Ventures, Inc.",10-K,2020-06-08,2020,0,-0.0035471847787330035,item 7 management s discussion and analysis of financial condition and results of operation overview of our business olivia ventures inc was incorporated in the state of delaware on march 20 2018 since inception the company has been engaged in organizational efforts and obtaining initial financing the company was formed as a vehicle to pursue a business combination through the acquisition of or merger with an operating business the company filed a registration statement on form 10 with the sec on may 30 2018 and since its effectiveness the company has focused its efforts to identify a possible business combination the company is currently considered to be a blank check company the sec defines those companies as any development stage company that is issuing a penny stock within the meaning of section 3 a 51 of the exchange act and that has no specific business plan or purpose or has indicated that its business plan is to merge with an unidentified company or companies many states have e
1450923,Aberdeen Standard Gold ETF Trust,10-K,2019-02-28,2019,0,-0.003613961553056322,i tem 7 management s discussion and analysis of financial condition and results of operations this information should be read in conjunction with the financial statements and notes to the financial statements included with this report the discussion and analysis that follows may contain statements that relate to future events or future performance in some cases such forward looking statements can be identified by terminology such as may should expect plan anticipate believe estimate predict potential or the negative of these terms or other comparable terminology we remind readers that forward looking statements are merely predictions and therefore inherently subject to uncertainties and other factors and involve known and unknown risks that could cause the actual results performance levels of activity or our achievements or industry results to be materially different from any future results performance levels of activity or our achievements expressed or implied by such forward looking 
1311673,"Yacht Finders, Inc.",10-K,2018-02-21,2018,0,-0.004141058160625766,item 7 management s discussion and analysis of financial condition and results of operation table_end overview yacht finders inc the company was incorporated in delaware on august 15 2000 as sneeoosh corporation on october 20 2000 the company filed an amended certificate of incorporation to change the name to snohomish corporation on april 15 2003 the company filed a subsequent amendment to change the name to yacht finders inc yacht finder s inc business plan was to create an online database for public buyers and yacht brokers to interface immediately with each other while capturing the benefits of targeting a larger market on november 6 2007 the company discontinued its prior business and changed its business plan the company s business plan now consists of exploring potential targets for a business combination through the purchase of assets share purchase or exchange merger or similar type of transaction table_start 10 table_end the company s current business plan is to seek investig
66496,MILLS MUSIC TRUST,10-K,2021-03-31,2021,0,-0.004360239970101765,item 7 management s discussion and analysis of financial condition and results of operation the copyright catalogue the catalogue is estimated to be composed of over 12 000 music titles of which approximately 1 430 produced royalty income in recent years based on the listing the trust derives its receipts principally from copyrights established prior to 1960 in the united states the receipts fluctuate based on consumer interest in the nostalgia appeal of older songs and the overall popularity of the songs contained in the catalogue the catalogue also generates royalty income in foreign countries in which copyright is claimed a number of factors create uncertainties with respect to the catalogue s ability to continue to generate royalty income on a continuing long term basis for the trust these factors include i the effect that foreign and domestic copyright laws and any changes thereto have or will have on renewal rights e g vesting of renewal term rights ii the length of the term of c
